geom,beta,rho,D,fixed_magnitude,retain_obs,D_ALL,I_ALL,rho_sp_ALL,D_FILTER,I_FILTER,rho_sp_FILTER,D_IPW_oracle,I_IPW_oracle,rho_sp_IPW_oracle,D_IPW_est,I_IPW_est,rho_sp_IPW_est,D_IPWest_vs_IPWoracle,D_IPWest_vs_FILTER,diag_ess_frac,diag_w_max_over_mean,diag_w_p99,diag_propensity_auc,diag_prop_brier,diag_prop_coef_E1,diag_lowq_dE1_shift,diag_realised_disp
away_HQ,0.0,0.0,10.0,1.0,0.6007916666666666,0.8913142727152362,0.9887026536388412,0.9985699059614771,0.9818672648783776,0.999685284879897,0.9990793897170385,0.9822176129171251,0.9996990506212979,0.9991129504215295,0.9229367643454376,0.9943117194377187,0.9990226940307307,0.9235110666843811,0.9236424791851211,0.8073055787656448,14.4750035127352,3.803685733642256,0.6418194341283678,0.22138226798282057,-0.03620240730265522,0.0021954499813686985,9.827359106406593
away_HQ,0.0,0.5,10.0,1.0,0.6007916666666666,0.850009226470083,0.9796534689082694,0.937513223064711,0.9818672648783776,0.999685284879897,0.9990793897170385,0.9822176129171251,0.9996990506212979,0.9991129504215295,0.8846560980916325,0.9884055653005804,0.9620392756826702,0.8917136909147779,0.8918716597506345,0.7283906205150406,20.868757453734677,4.413594496230231,0.707106695065306,0.20653391989949837,1.0512776369517474,-0.41128054842736,9.817344431753451
away_HQ,0.0,1.0,10.0,1.0,0.6007916666666666,0.7973963710332381,0.9619993957908229,0.8637022157931195,0.9818672648783776,0.999685284879897,0.9990793897170385,0.9822176129171251,0.9996990506212979,0.9991129504215295,0.8504533303449593,0.9804689750696426,0.9311549261960427,0.8578415903770261,0.8579633871785859,0.6260211080522077,20.323914508970667,5.78593402510355,0.7780216313040274,0.18237701567777198,1.6825519472579566,-0.6339440957753711,9.855467090151427
away_HQ,1.0,0.0,10.0,1.0,0.6017083333333333,0.8877532143040618,0.9880062659258765,0.9984507279317582,0.8668082771152433,0.9844259714279134,0.9548672841240229,0.9775248272892891,0.9992753555660525,0.9984037591005943,0.9301391299815194,0.9957170774813969,0.9890206975551802,0.9289607027935177,0.8997203708431112,0.6339957366459645,24.913720079371846,4.93308514023034,0.712750598657445,0.19916096142950812,1.2343558955466702,0.033562311697434774,9.796239392082843
away_HQ,1.0,0.5,10.0,1.0,0.6017083333333333,0.8338660340859435,0.9732257810125633,0.9354031672509504,0.8668082771152433,0.9844259714279134,0.9548672841240229,0.9775248272892891,0.9992753555660525,0.9984037591005943,0.9421446153226478,0.9967144557579997,0.9930091813854,0.9316117759265579,0.8249279901386074,0.3727888616070031,47.58184246663017,8.229101322280458,0.8656818051485525,0.14284261913414947,2.806173810701031,-0.37384816626358586,9.763171735876465
away_HQ,1.0,1.0,10.0,1.0,0.6017083333333333,0.7810098685441139,0.9521573833794466,0.8372831936836511,0.8668082771152433,0.9844259714279134,0.9548672841240229,0.9775248272892891,0.9992753555660525,0.9984037591005943,0.9415912447533012,0.9964643184103211,0.9914300399754709,0.9306275502704145,0.8221059222849147,0.28869668693413914,55.93464840494376,8.678812933578762,0.9100282175129357,0.11587099000824812,3.518541801585571,-0.5944268184717827,9.793372400553535
away_HQ,2.0,0.0,10.0,1.0,0.6029166666666667,0.8860458239875201,0.9875084369384559,0.9968151522513014,0.7875528279948013,0.9584514837189055,0.9004675018409174,0.9397357320035798,0.9958889283538978,0.9911538399156057,0.8817178873163326,0.9866969895014308,0.9562901093794123,0.9185150927930343,0.8830248888583851,0.48396368352510144,32.96787770058479,5.722904380011345,0.7839593264796509,0.17116192210691783,2.227195086036591,0.04629896581724378,9.803805873415454
away_HQ,2.0,0.5,10.0,1.0,0.6029166666666667,0.8250716134382603,0.9700027958271348,0.9308275747590176,0.7875528279948013,0.9584514837189055,0.9004675018409174,0.9397357320035798,0.9958889283538978,0.9911538399156057,0.93655958214978,0.9956053660170293,0.9853094779902353,0.9572323239492464,0.8313735356551495,0.1643237997841165,83.7378764051986,8.567290961856568,0.9307933991094832,0.10080863124581524,4.471252335241445,-0.3610208359193047,9.735049474499371
away_HQ,2.0,1.0,10.0,1.0,0.6029166666666667,0.7701714872624483,0.9470496802725806,0.8209442484136625,0.7875528279948013,0.9584514837189055,0.9004675018409174,0.9397357320035798,0.9958889283538978,0.9911538399156057,0.9291065794451234,0.9952074191861452,0.984279767005328,0.958795969740937,0.8498231949102867,0.1406864466177073,97.10536519433366,7.608975659436753,0.9581455108190523,0.07649453636232073,5.26622452431817,-0.5799405495397796,9.75889814727626
away_HQ,3.0,0.0,10.0,1.0,0.6015416666666666,0.8862772624959292,0.9875692443780462,0.9973698432650666,0.7387518621933984,0.9360567307905961,0.8640876621944097,0.8882990562043666,0.9865647131594475,0.970217494573776,0.8240270168418395,0.9695223810329343,0.9156517255199363,0.914116589770483,0.8922361381552093,0.3750324899835745,57.564023985097066,4.948608903420378,0.817476965349407,0.1549673255889674,3.042322669172054,0.06391833806776782,9.786847159222491
away_HQ,3.0,0.5,10.0,1.0,0.6015416666666666,0.821670435194879,0.9689061315473999,0.9332202175464891,0.7387518621933984,0.9360567307905961,0.8640876621944097,0.8882990562043666,0.9865647131594475,0.970217494573776,0.8613589028044997,0.9805645881393777,0.944656063758385,0.9499666500864187,0.8573776652730721,0.11007929322727161,179.99202346590903,7.109507109070261,0.9591029628692063,0.07560606550412544,6.067552659084604,-0.35143377695675565,9.698421611626806
away_HQ,3.0,1.0,10.0,1.0,0.6015416666666666,0.7654874535947712,0.9447622062999557,0.8128795534634421,0.7387518621933984,0.9360567307905961,0.8640876621944097,0.8882990562043666,0.9865647131594475,0.970217494573776,0.8418532713534448,0.9757539367238861,0.9354345522278622,0.9328625231279648,0.8873908787715508,0.12065739688499008,188.15215650501617,5.520054178797834,0.9770165579791362,0.054485742415009045,6.9640265315825935,-0.5755076413874419,9.737464662687026
away_HQ,4.0,0.0,10.0,1.0,0.6035,0.8836285234724182,0.9869594872993178,0.9966494075901642,0.7154310870605463,0.923770029263886,0.8463906452038646,0.8564195128634478,0.9778857245557191,0.9536075004646989,0.7889605032811364,0.9559839147241354,0.8912373882603453,0.9103921896822168,0.9045383087689776,0.5068421037579932,78.00437035684187,4.300087044901155,0.8320922744098286,0.14553254954461486,3.5659936183689895,0.0727181409385806,9.795722528395673
away_HQ,4.0,0.5,10.0,1.0,0.6035,0.821361305021566,0.9687818237070043,0.9331955880475525,0.7154310870605463,0.923770029263886,0.8463906452038646,0.8564195128634478,0.9778857245557191,0.9536075004646989,0.8139286724365435,0.965242653759175,0.9141810350093564,0.937579172459196,0.8829100675637133,0.11321661673386738,171.4942349886445,5.814196405164204,0.969289683990108,0.06321882055167882,7.207200331882968,-0.33846037564363557,9.695002553289514
away_HQ,4.0,1.0,10.0,1.0,0.6035,0.7634328866325006,0.943753715480208,0.8075766727164961,0.7154310870605463,0.923770029263886,0.8463906452038646,0.8564195128634478,0.9778857245557191,0.9536075004646989,0.7922441140097353,0.9578868153858207,0.9014464804879445,0.9133434250511959,0.9138465837150603,0.1106636058957101,183.82130715798044,4.404340811680535,0.9851673524024954,0.041551314605482316,8.346303508432777,-0.5725792561001927,9.721469666551775
geo_fixed,0.0,0.0,10.0,1.0,0.6007916666666666,0.8913142727152362,0.9887026536388412,0.9985699059614771,0.9818672648783776,0.999685284879897,0.9990793897170385,0.9822176129171251,0.9996990506212979,0.9991129504215295,0.9229367643454376,0.9943117194377187,0.9990226940307307,0.9235110666843811,0.9236424791851211,0.8073055787656448,14.4750035127352,3.803685733642256,0.6418194341283678,0.22138226798282057,-0.03620240730265522,0.0021954499813686985,9.827359106406593
geo_fixed,0.0,0.5,10.0,1.0,0.6007916666666666,0.8860379732162631,0.987546413884868,0.997043580229927,0.9818672648783776,0.999685284879897,0.9990793897170385,0.9822176129171251,0.9996990506212979,0.9991129504215295,0.9236268126125242,0.994408258003677,0.9980776332723371,0.9244142577936194,0.9245327679518642,0.8400783185065679,11.839950231770755,3.78049027974406,0.638381130913109,0.2213901204056141,-0.05369251530750621,0.010632237537869967,9.830488142299043
geo_fixed,0.0,1.0,10.0,1.0,0.6007916666666666,0.8982312714110092,0.9899866241993084,0.9953230290465516,0.9818672648783776,0.999685284879897,0.9990793897170385,0.9822176129171251,0.9996990506212979,0.9991129504215295,0.9177265549656661,0.9934899918284099,0.9962186547650216,0.9187753062048085,0.9189012953500351,0.8149123284990414,13.222862909158072,4.095247177233457,0.6463903433193704,0.2214570953910675,-0.04434994196522314,0.015289396018756552,9.86944113926533
geo_fixed,1.0,0.0,10.0,1.0,0.6017083333333333,0.8877532143040618,0.9880062659258765,0.9984507279317582,0.8668082771152433,0.9844259714279134,0.9548672841240229,0.9775248272892891,0.9992753555660525,0.9984037591005943,0.9301391299815194,0.9957170774813969,0.9890206975551802,0.9289607027935177,0.8997203708431112,0.6339957366459645,24.913720079371846,4.93308514023034,0.712750598657445,0.19916096142950812,1.2343558955466702,0.033562311697434774,9.796239392082843
geo_fixed,1.0,0.5,10.0,1.0,0.6017083333333333,0.8819936413068655,0.9866466911387558,0.9972276795811372,0.8668082771152433,0.9844259714279134,0.9548672841240229,0.9775248272892891,0.9992753555660525,0.9984037591005943,0.926837439221267,0.9952151034029604,0.9866784373311381,0.9267068418158592,0.8995711728425655,0.6938571807144138,19.345567450928886,4.890741253832948,0.7091789779994113,0.19994548933155543,1.2012593728841232,0.04084564331988349,9.812721561544604
geo_fixed,1.0,1.0,10.0,1.0,0.6017083333333333,0.8968231806148611,0.9896873632474069,0.9956407540079596,0.8668082771152433,0.9844259714279134,0.9548672841240229,0.9775248272892891,0.9992753555660525,0.9984037591005943,0.9263293370788565,0.9950841270152881,0.9867197642734066,0.9256818099018445,0.8940232382159433,0.6629777740051048,20.623142108666585,5.159327820339466,0.7127596974844935,0.19983671676579515,1.2453430520604003,0.05344821383809657,9.880565056175513
geo_fixed,2.0,0.0,10.0,1.0,0.6029166666666667,0.8860458239875201,0.9875084369384559,0.9968151522513014,0.7875528279948013,0.9584514837189055,0.9004675018409174,0.9397357320035798,0.9958889283538978,0.9911538399156057,0.8817178873163326,0.9866969895014308,0.9562901093794123,0.9185150927930343,0.8830248888583851,0.48396368352510144,32.96787770058479,5.722904380011345,0.7839593264796509,0.17116192210691783,2.227195086036591,0.04629896581724378,9.803805873415454
geo_fixed,2.0,0.5,10.0,1.0,0.6029166666666667,0.8813182240390118,0.9864164295570794,0.9958562973764195,0.7875528279948013,0.9584514837189055,0.9004675018409174,0.9397357320035798,0.9958889283538978,0.9911538399156057,0.8829152159853016,0.9866635172684108,0.956525960232828,0.9207074044792473,0.8794027874306306,0.5261937061729529,28.500246293418574,5.799842085347212,0.7841495195485817,0.1727806663077192,2.221746714469479,0.05531428856262258,9.813294538994704
geo_fixed,2.0,1.0,10.0,1.0,0.6029166666666667,0.897136750591562,0.9896658392127172,0.9955439518877521,0.7875528279948013,0.9584514837189055,0.9004675018409174,0.9397357320035798,0.9958889283538978,0.9911538399156057,0.8840266444164534,0.9868220869939648,0.9569067161237783,0.921401687204721,0.8771632785831979,0.5255211462779508,28.354144131865333,5.908853967789932,0.7847240718698405,0.1728721502805995,2.2336659397360727,0.06624537897907093,9.882515004848615
geo_fixed,3.0,0.0,10.0,1.0,0.6015416666666666,0.8862772624959292,0.9875692443780462,0.9973698432650666,0.7387518621933984,0.9360567307905961,0.8640876621944097,0.8882990562043666,0.9865647131594475,0.970217494573776,0.8240270168418395,0.9695223810329343,0.9156517255199363,0.914116589770483,0.8922361381552093,0.3750324899835745,57.564023985097066,4.948608903420378,0.817476965349407,0.1549673255889674,3.042322669172054,0.06391833806776782,9.786847159222491
geo_fixed,3.0,0.5,10.0,1.0,0.6015416666666666,0.88280174332077,0.986642891135957,0.9952792129675536,0.7387518621933984,0.9360567307905961,0.8640876621944097,0.8882990562043666,0.9865647131594475,0.970217494573776,0.8240732782273315,0.9689465537589979,0.9150473433529265,0.9161583462141718,0.8868396257194643,0.45224742007994184,38.6210881702437,4.934834090676935,0.818081356155676,0.15716381388788114,2.982975636837655,0.07636097516875537,9.794884765838614
geo_fixed,3.0,1.0,10.0,1.0,0.6015416666666666,0.8974069277335672,0.9896975750792129,0.9950073910307103,0.7387518621933984,0.9360567307905961,0.8640876621944097,0.8882990562043666,0.9865647131594475,0.970217494573776,0.826274826166872,0.9694948722624319,0.917911322344305,0.9201945598730663,0.8847660522628842,0.47581020546400665,35.19109842888773,4.962599814146593,0.8209424102375701,0.1565429657133794,3.0105363374949934,0.07730546033447828,9.88482460767615
geo_fixed,4.0,0.0,10.0,1.0,0.6035,0.8836285234724182,0.9869594872993178,0.9966494075901642,0.7154310870605463,0.923770029263886,0.8463906452038646,0.8564195128634478,0.9778857245557191,0.9536075004646989,0.7889605032811364,0.9559839147241354,0.8912373882603453,0.9103921896822168,0.9045383087689776,0.5068421037579932,78.00437035684187,4.300087044901155,0.8320922744098286,0.14553254954461486,3.5659936183689895,0.0727181409385806,9.795722528395673
geo_fixed,4.0,0.5,10.0,1.0,0.6035,0.8820325401413543,0.9865800615596737,0.996357691756234,0.7154310870605463,0.923770029263886,0.8463906452038646,0.8564195128634478,0.9778857245557191,0.9536075004646989,0.7928291717938912,0.956872893152042,0.8941123214148149,0.9172201603997214,0.8950400225267874,0.5028763125000969,42.813566489276745,4.577353116687732,0.8370275634652475,0.1468636059147769,3.614256378786928,0.07937430325764673,9.809074493558285
geo_fixed,4.0,1.0,10.0,1.0,0.6035,0.8979986169949921,0.9897942490392568,0.9950457200155658,0.7154310870605463,0.923770029263886,0.8463906452038646,0.8564195128634478,0.9778857245557191,0.9536075004646989,0.7939622362925178,0.956994780128559,0.8967984143048251,0.9212733152410199,0.8925227457807651,0.5917440113648688,30.08806750747534,4.5419683932455985,0.841044823066027,0.1454407239533844,3.6116077820615455,0.08022044588330378,9.88817092553402
mixture_HQ,0.0,0.0,10.0,1.0,0.6007916666666666,0.8912167549659638,0.9886763549406408,0.9984544835215768,0.9836781065846923,0.9997403893470583,0.9992510827065901,0.9837905817518694,0.9997465427948355,0.9992595521842567,0.9230226091448305,0.9943233830589041,0.9990271719035861,0.9234074055685373,0.9234937389863558,0.8073055787656448,14.4750035127352,3.803685733642256,0.6418194341283678,0.22138226798282057,-0.03620240730265522,0.0021954499813686985,9.827359106403993
mixture_HQ,0.0,0.5,10.0,1.0,0.6007916666666666,0.8456608280261879,0.9784005829778293,0.9626114816050145,0.9836781065846923,0.9997403893470583,0.9992510827065901,0.9837905817518694,0.9997465427948355,0.9992595521842567,0.8894174757269027,0.9888605290809342,0.9803993900736406,0.8855872100816854,0.8856651570149132,0.709622614877595,16.798465087603873,5.279810745384098,0.7067898986011169,0.20531756473063123,-0.6661129791249771,0.3270194094232278,9.877144214227116
mixture_HQ,0.0,1.0,10.0,1.0,0.6007916666666666,0.7842456583668688,0.9597463007126538,0.8557286338767203,0.9836781065846923,0.9997403893470583,0.9992510827065901,0.9837905817518694,0.9997465427948355,0.9992595521842567,0.8358700148456552,0.9773396465784937,0.922061048644916,0.8305641054693264,0.8306284318021211,0.5889876133760501,18.838949177687475,6.837927852049523,0.8123552292953921,0.17045462925459648,-2.1223474935269153,0.6443666934533261,9.919699421741072
mixture_HQ,1.0,0.0,10.0,1.0,0.6017083333333333,0.8883945389257082,0.988137381503125,0.9985851574222613,0.8660551639590502,0.9842202075473361,0.9547029243318377,0.9772386969630635,0.999270948696544,0.9984527488630647,0.929866929062929,0.9957043720300893,0.9887471989637571,0.9289833034549592,0.8993947157457174,0.6339957366459645,24.913720079371846,4.93308514023034,0.712750598657445,0.19916096142950812,1.2343558955466702,0.033562311697434774,9.796239392080235
mixture_HQ,1.0,0.5,10.0,1.0,0.6017083333333333,0.8619456470776461,0.9834573772032272,0.9632499690039277,0.8660551639590502,0.9842202075473361,0.9547029243318377,0.9772386969630635,0.999270948696544,0.9984527488630647,0.8657374488337498,0.9853285612701919,0.9496404080054638,0.8684878135929095,0.9254428807778932,0.7967480587447057,20.835637046249616,3.787416925134131,0.6435679391893261,0.21761033111567155,0.4644016174785435,0.3643440572600264,9.878542651918405
mixture_HQ,1.0,1.0,10.0,1.0,0.6017083333333333,0.7826299890064449,0.9612246685176042,0.8603288389711033,0.8660551639590502,0.9842202075473361,0.9547029243318377,0.9772386969630635,0.999270948696544,0.9984527488630647,0.7962662984630483,0.96614687246849,0.8831005899536833,0.8007116042954839,0.9040352839514011,0.8413052043374186,9.644975564191444,4.050369811410904,0.6759125356006039,0.21558173520880838,-0.7688482439285547,0.6870819429437913,9.94801671691778
mixture_HQ,2.0,0.0,10.0,1.0,0.6029166666666667,0.8854943637348696,0.9873885157201887,0.9970534357191663,0.7863639583842897,0.9580523968702273,0.8995932519283943,0.93891213718513,0.9958294786429867,0.9909828733337916,0.880355822789024,0.9864426802644688,0.9555446877145137,0.918440911752594,0.8829536310696003,0.48396368352510144,32.96787770058479,5.722904380011345,0.7839593264796509,0.17116192210691783,2.227195086036591,0.04629896581724378,9.803805873412802
mixture_HQ,2.0,0.5,10.0,1.0,0.6029166666666667,0.8639826708499238,0.9840856718564054,0.9602465047760195,0.7863639583842897,0.9580523968702273,0.8995932519283943,0.93891213718513,0.9958294786429867,0.9909828733337916,0.8240334751278985,0.9730966029657644,0.9126576640686415,0.8604102253835789,0.9253737516002993,0.7837300189173374,17.525755091195272,3.886929023056364,0.6645094875250281,0.2077808178261255,1.2375652238526076,0.3767015188572914,9.884540607378337
mixture_HQ,2.0,1.0,10.0,1.0,0.6029166666666667,0.7655300391691356,0.9519155214758388,0.8409792010620575,0.7863639583842897,0.9580523968702273,0.8995932519283943,0.93891213718513,0.9958294786429867,0.9909828733337916,0.7664401389032466,0.9528109980988022,0.8585789437155498,0.8025712776813798,0.9354475799426253,0.913877284499278,7.211633911058769,3.4263628308620273,0.6179293838426123,0.22531093436278304,-0.014500101675103374,0.7032798637650233,9.970742276079012
mixture_HQ,3.0,0.0,10.0,1.0,0.6015416666666666,0.8858352135679891,0.987452134079119,0.9966118186279393,0.7416938562082934,0.9373512217610381,0.8658258891674068,0.8898681383787653,0.9868400207818481,0.9707700522845515,0.8260471002848844,0.9700755302435717,0.9167627224668042,0.9143402702615434,0.8926546735632432,0.3750324899835745,57.564023985097066,4.948608903420378,0.817476965349407,0.1549673255889674,3.042322669172054,0.06391833806776782,9.786847159219864
mixture_HQ,3.0,0.5,10.0,1.0,0.6015416666666666,0.8639975330891527,0.9839732458154891,0.9560383398532022,0.7416938562082934,0.9373512217610381,0.8658258891674068,0.8898681383787653,0.9868400207818481,0.9707700522845515,0.7855154871041463,0.957300875283378,0.8808272689643907,0.8658084964427875,0.9287130957187296,0.7499570152740325,20.807719412649007,3.6070356365709904,0.688968736819432,0.19969416650167235,1.809237629059253,0.3874825006126951,9.884703567557239
mixture_HQ,3.0,1.0,10.0,1.0,0.6015416666666666,0.7542048133829282,0.9446329332913235,0.8282260089669279,0.7416938562082934,0.9373512217610381,0.8658258891674068,0.8898681383787653,0.9868400207818481,0.9707700522845515,0.7433691220394526,0.9404753656827584,0.840151292049013,0.8196027641177972,0.9429369113196953,0.9232288545685794,6.864333189630197,3.278896129095299,0.5993391128630298,0.226162696349455,0.5060344578571356,0.7099623712123911,9.979692153402468
mixture_HQ,4.0,0.0,10.0,1.0,0.6035,0.8846791500451652,0.9871758079633405,0.996136127474939,0.71624588352522,0.9239442637827634,0.847900895943568,0.8551644907976791,0.9774491368977163,0.9533549073120288,0.7890814750086985,0.955850527658235,0.8918593189811169,0.9108556010648682,0.905038946505701,0.5068421037579932,78.00437035684187,4.300087044901155,0.8320922744098286,0.14553254954461486,3.5659936183689895,0.0727181409385806,9.795722528393052
mixture_HQ,4.0,0.5,10.0,1.0,0.6035,0.8674582019496666,0.9848141510445223,0.9569153629061897,0.71624588352522,0.9239442637827634,0.847900895943568,0.8551644907976791,0.9774491368977163,0.9533549073120288,0.759779313653359,0.9456622400945632,0.8619650555848959,0.8700761493364985,0.9326618121048496,0.7608641831987091,43.55063307302244,3.49272476614646,0.7018539654475006,0.19378216080033023,2.2221448697528565,0.3952323417789946,9.893558484604373
mixture_HQ,4.0,1.0,10.0,1.0,0.6035,0.7480867634575848,0.9404778275041562,0.8229579365874364,0.71624588352522,0.9239442637827634,0.847900895943568,0.8551644907976791,0.9774491368977163,0.9533549073120288,0.7256833978157956,0.930511060813038,0.8284512879899653,0.8320722948666766,0.9469584856461294,0.9038700642551154,8.476929233810797,3.184318795404168,0.5975955165202264,0.2247510569789136,0.8597220853216034,0.7117139139700073,9.98517096962321
toward_HQ,0.0,0.0,10.0,1.0,0.6007916666666666,0.8913142727152362,0.9887026536388412,0.9985699059614771,0.9818672648783776,0.999685284879897,0.9990793897170385,0.9822176129171251,0.9996990506212979,0.9991129504215295,0.9229367643454376,0.9943117194377187,0.9990226940307307,0.9235110666843811,0.9236424791851211,0.8073055787656448,14.4750035127352,3.803685733642256,0.6418194341283678,0.22138226798282057,-0.03620240730265522,0.0021954499813686985,9.827359106406593
toward_HQ,0.0,0.5,10.0,1.0,0.6007916666666666,0.8496988123166236,0.9807207559002032,0.9469747182128461,0.9818672648783776,0.999685284879897,0.9990793897170385,0.9822176129171251,0.9996990506212979,0.9991129504215295,0.8853866997349066,0.9889829862783197,0.9672377379978172,0.8790486760869758,0.8790611723653352,0.8290854545797801,7.607227690006976,4.615488942920536,0.7210910956047246,0.20349313408014064,-1.339955850977304,0.40205266025537145,9.84378881970885
toward_HQ,0.0,1.0,10.0,1.0,0.6007916666666666,0.7846300802415983,0.9598794659321894,0.8566276970034938,0.9818672648783776,0.999685284879897,0.9990793897170385,0.9822176129171251,0.9996990506212979,0.9991129504215295,0.836168217052274,0.9773933064514703,0.9224148907422018,0.8303451710024784,0.8303375479526258,0.5889876133760501,18.838949177687475,6.837927852049523,0.8123552292953921,0.17045462925459648,-2.1223474935269153,0.6443666934533261,9.91969942192913
toward_HQ,1.0,0.0,10.0,1.0,0.6017083333333333,0.8877532143040618,0.9880062659258765,0.9984507279317582,0.8668082771152433,0.9844259714279134,0.9548672841240229,0.9775248272892891,0.9992753555660525,0.9984037591005943,0.9301391299815194,0.9957170774813969,0.9890206975551802,0.9289607027935177,0.8997203708431112,0.6339957366459645,24.913720079371846,4.93308514023034,0.712750598657445,0.19916096142950812,1.2343558955466702,0.033562311697434774,9.796239392082843
toward_HQ,1.0,0.5,10.0,1.0,0.6017083333333333,0.8461944252216794,0.9794355624186651,0.9285486662261395,0.8668082771152433,0.9844259714279134,0.9548672841240229,0.9775248272892891,0.9992753555660525,0.9984037591005943,0.8593500884414887,0.983176128302742,0.941752309435091,0.863549328035281,0.9476845579113568,0.9505708221284727,4.597261512787298,3.288720069729379,0.5999915090453753,0.22836665667311168,0.07575132792379397,0.44400082304682903,9.846914307832181
toward_HQ,1.0,1.0,10.0,1.0,0.6017083333333333,0.7829223809174799,0.9613280695191366,0.8605979982728844,0.8668082771152433,0.9844259714279134,0.9548672841240229,0.9775248272892891,0.9992753555660525,0.9984037591005943,0.7964113450022802,0.9662059446012983,0.8830387713716205,0.8002128532317007,0.9041707009784011,0.8413052043374186,9.644975564191444,4.050369811410904,0.6759125356006039,0.21558173520880838,-0.7688482439285547,0.6870819429437913,9.94801671711191
toward_HQ,2.0,0.0,10.0,1.0,0.6029166666666667,0.8860458239875201,0.9875084369384559,0.9968151522513014,0.7875528279948013,0.9584514837189055,0.9004675018409174,0.9397357320035798,0.9958889283538978,0.9911538399156057,0.8817178873163326,0.9866969895014308,0.9562901093794123,0.9185150927930343,0.8830248888583851,0.48396368352510144,32.96787770058479,5.722904380011345,0.7839593264796509,0.17116192210691783,2.227195086036591,0.04629896581724378,9.803805873415454
toward_HQ,2.0,0.5,10.0,1.0,0.6029166666666667,0.8330012187609004,0.9730901175987131,0.9086393899317782,0.7875528279948013,0.9584514837189055,0.9004675018409174,0.9397357320035798,0.9958889283538978,0.9911538399156057,0.8287153363679953,0.97239516029187,0.9160322246973768,0.868562111289914,0.9285871984681756,0.9100691301079751,6.264991718291624,3.7548146555836066,0.6399682275083931,0.22004363451542436,0.9815651508133395,0.4653234181129421,9.87584433479495
toward_HQ,2.0,1.0,10.0,1.0,0.6029166666666667,0.766855311878986,0.9524298066941905,0.8426363844957943,0.7875528279948013,0.9584514837189055,0.9004675018409174,0.9397357320035798,0.9958889283538978,0.9911538399156057,0.7676280421513376,0.9532582862244854,0.8597740751038918,0.8023796143633968,0.9357065760406021,0.913877284499278,7.211633911058769,3.4263628308620273,0.6179293838426123,0.22531093436278304,-0.014500101675103374,0.7032798637650233,9.970742276276615
toward_HQ,3.0,0.0,10.0,1.0,0.6015416666666666,0.8862772624959292,0.9875692443780462,0.9973698432650666,0.7387518621933984,0.9360567307905961,0.8640876621944097,0.8882990562043666,0.9865647131594475,0.970217494573776,0.8240270168418395,0.9695223810329343,0.9156517255199363,0.914116589770483,0.8922361381552093,0.3750324899835745,57.564023985097066,4.948608903420378,0.817476965349407,0.1549673255889674,3.042322669172054,0.06391833806776782,9.786847159222491
toward_HQ,3.0,0.5,10.0,1.0,0.6015416666666666,0.823541447230509,0.9689141256765623,0.898131781347166,0.7387518621933984,0.9360567307905961,0.8640876621944097,0.8882990562043666,0.9865647131594475,0.970217494573776,0.7936464756052707,0.9582443478395427,0.8883259082111802,0.8834808145815993,0.9152274786910349,0.83506271064894,10.03653390875093,4.1038173438780285,0.6814769140503006,0.2097654959228946,1.7454228932865634,0.4750666264760091,9.89005470759184
toward_HQ,3.0,1.0,10.0,1.0,0.6015416666666666,0.7520618521977899,0.943766922834545,0.826390345819002,0.7387518621933984,0.9360567307905961,0.8640876621944097,0.8882990562043666,0.9865647131594475,0.970217494573776,0.7406882839023099,0.9393077140269729,0.8383454319674458,0.819322850120561,0.9432034665671893,0.9232288545685794,6.864333189630197,3.278896129095299,0.5993391128630298,0.226162696349455,0.5060344578571356,0.7099623712123911,9.97969215360204
toward_HQ,4.0,0.0,10.0,1.0,0.6035,0.8836285234724182,0.9869594872993178,0.9966494075901642,0.7154310870605463,0.923770029263886,0.8463906452038646,0.8564195128634478,0.9778857245557191,0.9536075004646989,0.7889605032811364,0.9559839147241354,0.8912373882603453,0.9103921896822168,0.9045383087689776,0.5068421037579932,78.00437035684187,4.300087044901155,0.8320922744098286,0.14553254954461486,3.5659936183689895,0.0727181409385806,9.795722528395673
toward_HQ,4.0,0.5,10.0,1.0,0.6035,0.821230229338188,0.967354127379221,0.8944042819046527,0.7154310870605463,0.923770029263886,0.8463906452038646,0.8564195128634478,0.9778857245557191,0.9536075004646989,0.7701092471430897,0.9476833469240218,0.8721480727734858,0.8916719843664029,0.9155271421044555,0.799177059243645,14.33166641451426,3.9979859923527457,0.7040888964339184,0.2021217037651768,2.262093943134305,0.4778247784589911,9.898727705803765
toward_HQ,4.0,1.0,10.0,1.0,0.6035,0.7469239968068468,0.9401496906905036,0.8211534960041064,0.7154310870605463,0.923770029263886,0.8463906452038646,0.8564195128634478,0.9778857245557191,0.9536075004646989,0.7245150219247426,0.9301716103137189,0.8266842628180455,0.8311650965412217,0.9470688687202492,0.9038700642551154,8.476929233810797,3.184318795404168,0.5975955165202264,0.2247510569789136,0.8597220853216034,0.7117139139700073,9.985170969823448
