build,beta,rho,winner,best,margin,rec_ALL,rec_FILTER,rec_IPW_est,rec_IPW_oracle
A_orig,0.0,0.0,TIE,IPW_est,0.0002265367343603497,0.9985699059614771,0.9990793897170385,0.9993059264513988,0.9991129504215295
A_orig,0.0,0.25,TIE,IPW_est,0.0002265367343603497,0.9927964060238355,0.9990793897170385,0.9993059264513988,0.9991129504215295
A_orig,0.0,0.5,TIE,IPW_est,0.0002265367343603497,0.9682700786386856,0.9990793897170385,0.9993059264513988,0.9991129504215295
A_orig,0.0,0.75,TIE,IPW_est,0.0002265367343603497,0.9232901142838137,0.9990793897170385,0.9993059264513988,0.9991129504215295
A_orig,0.0,1.0,TIE,IPW_est,0.0002265367343603497,0.8566276970034938,0.9990793897170385,0.9993059264513988,0.9991129504215295
A_orig,0.5,0.0,TIE,IPW_est,0.001424883504627772,0.9977964360666328,0.9866670973135935,0.9992213195712606,0.9989730094817107
A_orig,0.5,0.25,IPW_est,IPW_est,0.0068199344846958665,0.9924013850865647,0.9866670973135935,0.9992213195712606,0.9989730094817107
A_orig,0.5,0.5,IPW_est,IPW_est,0.012554222257667114,0.9677353836320952,0.9866670973135935,0.9992213195712606,0.9989730094817107
A_orig,0.5,0.75,IPW_est,IPW_est,0.012554222257667114,0.9258021919874273,0.9866670973135935,0.9992213195712606,0.9989730094817107
A_orig,0.5,1.0,IPW_est,IPW_est,0.012554222257667114,0.8679159533578842,0.9866670973135935,0.9992213195712606,0.9989730094817107
A_orig,1.0,0.0,TIE,IPW_est,0.0002681567461408907,0.9984507279317582,0.9548672841240229,0.998718884677899,0.9984037591005943
A_orig,1.0,0.25,IPW_est,IPW_est,0.006646013282545549,0.9920728713953535,0.9548672841240229,0.998718884677899,0.9984037591005943
A_orig,1.0,0.5,IPW_est,IPW_est,0.034352026032174354,0.9643668586457247,0.9548672841240229,0.998718884677899,0.9984037591005943
A_orig,1.0,0.75,IPW_est,IPW_est,0.04385160055387616,0.9185174705471126,0.9548672841240229,0.998718884677899,0.9984037591005943
A_orig,1.0,1.0,IPW_est,IPW_est,0.04385160055387616,0.8605979982728844,0.9548672841240229,0.998718884677899,0.9984037591005943
A_orig,1.5,0.0,TIE,ALL,0.0014843580964505332,0.9975795674738608,0.9250927213145121,0.9960952093774103,0.9960982290921876
A_orig,1.5,0.25,IPW_est,IPW_est,0.0059269697745281125,0.9901682396028821,0.9250927213145121,0.9960952093774103,0.9960982290921876
A_orig,1.5,0.5,IPW_est,IPW_est,0.036076695069972464,0.9600185143074378,0.9250927213145121,0.9960952093774103,0.9960982290921876
A_orig,1.5,0.75,IPW_est,IPW_est,0.0710024880628981,0.9105324614426273,0.9250927213145121,0.9960952093774103,0.9960982290921876
A_orig,1.5,1.0,IPW_est,IPW_est,0.0710024880628981,0.8517085366534733,0.9250927213145121,0.9960952093774103,0.9960982290921876
A_orig,2.0,0.0,ALL,ALL,0.006404885496793189,0.9968151522513014,0.9004675018409174,0.9904102667545082,0.9911538399156057
A_orig,2.0,0.25,TIE,IPW_est,0.0013213459970847774,0.9890889207574234,0.9004675018409174,0.9904102667545082,0.9911538399156057
A_orig,2.0,0.5,IPW_est,IPW_est,0.034668690618992914,0.9557415761355152,0.9004675018409174,0.9904102667545082,0.9911538399156057
A_orig,2.0,0.75,IPW_est,IPW_est,0.08776286166982228,0.9026474050846859,0.9004675018409174,0.9904102667545082,0.9911538399156057
A_orig,2.0,1.0,IPW_est,IPW_est,0.08994276491359077,0.8426363844957943,0.9004675018409174,0.9904102667545082,0.9911538399156057
A_orig,2.5,0.0,ALL,ALL,0.014951319675311603,0.9968815216150085,0.8816982599085554,0.9819302019396969,0.9834206500103216
A_orig,2.5,0.25,ALL,ALL,0.006098957698174257,0.9880291596378712,0.8816982599085554,0.9819302019396969,0.9834206500103216
A_orig,2.5,0.5,IPW_est,IPW_est,0.028432932996444893,0.953497268943252,0.8816982599085554,0.9819302019396969,0.9834206500103216
A_orig,2.5,0.75,IPW_est,IPW_est,0.08379824986152273,0.8981319520781742,0.8816982599085554,0.9819302019396969,0.9834206500103216
A_orig,2.5,1.0,IPW_est,IPW_est,0.1002319420311415,0.8354337351682546,0.8816982599085554,0.9819302019396969,0.9834206500103216
A_orig,3.0,0.0,ALL,ALL,0.02704810882514308,0.9973698432650666,0.8640876621944097,0.9703217344399235,0.970217494573776
A_orig,3.0,0.25,ALL,ALL,0.017106313513929994,0.9874280479538535,0.8640876621944097,0.9703217344399235,0.970217494573776
A_orig,3.0,0.5,IPW_est,IPW_est,0.02011678806641637,0.9502049463735072,0.8640876621944097,0.9703217344399235,0.970217494573776
A_orig,3.0,0.75,IPW_est,IPW_est,0.07930722880621344,0.8910145056337101,0.8640876621944097,0.9703217344399235,0.970217494573776
A_orig,3.0,1.0,IPW_est,IPW_est,0.10623407224551384,0.826390345819002,0.8640876621944097,0.9703217344399235,0.970217494573776
A_orig,4.0,0.0,ALL,ALL,0.04449728147877041,0.9966494075901642,0.8463906452038646,0.9521521261113938,0.9536075004646989
A_orig,4.0,0.25,ALL,ALL,0.03462476056023811,0.9867768866716319,0.8463906452038646,0.9521521261113938,0.9536075004646989
A_orig,4.0,0.5,TIE,IPW_est,0.0032431967352345437,0.9489089293761592,0.8463906452038646,0.9521521261113938,0.9536075004646989
A_orig,4.0,0.75,IPW_est,IPW_est,0.06510281899283121,0.8870493071185626,0.8463906452038646,0.9521521261113938,0.9536075004646989
A_orig,4.0,1.0,IPW_est,IPW_est,0.10576148090752913,0.8211534960041064,0.8463906452038646,0.9521521261113938,0.9536075004646989
B_magfix,0.0,0.0,TIE,IPW_est,0.0002265367343603497,0.9985699059614771,0.9990793897170385,0.9993059264513988,0.9991129504215295
B_magfix,0.0,0.25,TIE,IPW_est,0.0002265367343603497,0.9958509621192685,0.9990793897170385,0.9993059264513988,0.9991129504215295
B_magfix,0.0,0.5,TIE,IPW_est,0.0002265367343603497,0.9469747182128461,0.9990793897170385,0.9993059264513988,0.9991129504215295
B_magfix,0.0,0.75,TIE,IPW_est,0.0002265367343603497,0.8682693668445167,0.9990793897170385,0.9993059264513988,0.9991129504215295
B_magfix,0.0,1.0,TIE,IPW_est,0.0002265367343603497,0.8566276970034938,0.9990793897170385,0.9993059264513988,0.9991129504215295
B_magfix,0.5,0.0,TIE,IPW_est,0.001424883504627772,0.9977964360666328,0.9866670973135935,0.9992213195712606,0.9989730094817107
B_magfix,0.5,0.25,TIE,IPW_est,0.004167062982033287,0.9950542565892273,0.9866670973135935,0.9992213195712606,0.9989730094817107
B_magfix,0.5,0.5,IPW_est,IPW_est,0.012554222257667114,0.939704892680761,0.9866670973135935,0.9992213195712606,0.9989730094817107
B_magfix,0.5,0.75,IPW_est,IPW_est,0.012554222257667114,0.8753282413888814,0.9866670973135935,0.9992213195712606,0.9989730094817107
B_magfix,0.5,1.0,IPW_est,IPW_est,0.012554222257667114,0.8679159533578842,0.9866670973135935,0.9992213195712606,0.9989730094817107
B_magfix,1.0,0.0,TIE,IPW_est,0.0002681567461408907,0.9984507279317582,0.9548672841240229,0.998718884677899,0.9984037591005943
B_magfix,1.0,0.25,TIE,IPW_est,0.004261659759229208,0.9944572249186698,0.9548672841240229,0.998718884677899,0.9984037591005943
B_magfix,1.0,0.5,IPW_est,IPW_est,0.04385160055387616,0.9285486662261395,0.9548672841240229,0.998718884677899,0.9984037591005943
B_magfix,1.0,0.75,IPW_est,IPW_est,0.04385160055387616,0.8673292220952289,0.9548672841240229,0.998718884677899,0.9984037591005943
B_magfix,1.0,1.0,IPW_est,IPW_est,0.04385160055387616,0.8605979982728844,0.9548672841240229,0.998718884677899,0.9984037591005943
B_magfix,1.5,0.0,TIE,ALL,0.0014843580964505332,0.9975795674738608,0.9250927213145121,0.9960952093774103,0.9960982290921876
B_magfix,1.5,0.25,TIE,IPW_est,0.004196079622472482,0.9918991297549378,0.9250927213145121,0.9960952093774103,0.9960982290921876
B_magfix,1.5,0.5,IPW_est,IPW_est,0.0710024880628981,0.9197087971863773,0.9250927213145121,0.9960952093774103,0.9960982290921876
B_magfix,1.5,0.75,IPW_est,IPW_est,0.0710024880628981,0.8576712644986143,0.9250927213145121,0.9960952093774103,0.9960982290921876
B_magfix,1.5,1.0,IPW_est,IPW_est,0.0710024880628981,0.8517085366534733,0.9250927213145121,0.9960952093774103,0.9960982290921876
B_magfix,2.0,0.0,ALL,ALL,0.006404885496793189,0.9968151522513014,0.9004675018409174,0.9904102667545082,0.9911538399156057
B_magfix,2.0,0.25,TIE,ALL,0.000993469844069117,0.9914037365985773,0.9004675018409174,0.9904102667545082,0.9911538399156057
B_magfix,2.0,0.5,IPW_est,IPW_est,0.08177087682272999,0.9086393899317782,0.9004675018409174,0.9904102667545082,0.9911538399156057
B_magfix,2.0,0.75,IPW_est,IPW_est,0.08994276491359077,0.8467378697931462,0.9004675018409174,0.9904102667545082,0.9911538399156057
B_magfix,2.0,1.0,IPW_est,IPW_est,0.08994276491359077,0.8426363844957943,0.9004675018409174,0.9904102667545082,0.9911538399156057
B_magfix,2.5,0.0,ALL,ALL,0.014951319675311603,0.9968815216150085,0.8816982599085554,0.9819302019396969,0.9834206500103216
B_magfix,2.5,0.25,ALL,ALL,0.008541465789804525,0.9904716677295015,0.8816982599085554,0.9819302019396969,0.9834206500103216
B_magfix,2.5,0.5,IPW_est,IPW_est,0.07606722081633344,0.9058629811233635,0.8816982599085554,0.9819302019396969,0.9834206500103216
B_magfix,2.5,0.75,IPW_est,IPW_est,0.1002319420311415,0.8406552117677792,0.8816982599085554,0.9819302019396969,0.9834206500103216
B_magfix,2.5,1.0,IPW_est,IPW_est,0.1002319420311415,0.8354337351682546,0.8816982599085554,0.9819302019396969,0.9834206500103216
B_magfix,3.0,0.0,ALL,ALL,0.02704810882514308,0.9973698432650666,0.8640876621944097,0.9703217344399235,0.970217494573776
B_magfix,3.0,0.25,ALL,ALL,0.020057015603480277,0.9903787500434038,0.8640876621944097,0.9703217344399235,0.970217494573776
B_magfix,3.0,0.5,IPW_est,IPW_est,0.07218995309275755,0.898131781347166,0.8640876621944097,0.9703217344399235,0.970217494573776
B_magfix,3.0,0.75,IPW_est,IPW_est,0.10623407224551384,0.8315694452898609,0.8640876621944097,0.9703217344399235,0.970217494573776
B_magfix,3.0,1.0,IPW_est,IPW_est,0.10623407224551384,0.826390345819002,0.8640876621944097,0.9703217344399235,0.970217494573776
B_magfix,4.0,0.0,ALL,ALL,0.04449728147877041,0.9966494075901642,0.8463906452038646,0.9521521261113938,0.9536075004646989
B_magfix,4.0,0.25,ALL,ALL,0.036352783537872635,0.9885049096492664,0.8463906452038646,0.9521521261113938,0.9536075004646989
B_magfix,4.0,0.5,IPW_est,IPW_est,0.05774784420674106,0.8944042819046527,0.8463906452038646,0.9521521261113938,0.9536075004646989
B_magfix,4.0,0.75,IPW_est,IPW_est,0.10576148090752913,0.8255981628326662,0.8463906452038646,0.9521521261113938,0.9536075004646989
B_magfix,4.0,1.0,IPW_est,IPW_est,0.10576148090752913,0.8211534960041064,0.8463906452038646,0.9521521261113938,0.9536075004646989
C_propfix,0.0,0.0,TIE,FILTER,5.6695686307728366e-05,0.9985699059614771,0.9990793897170385,0.9990226940307307,0.9991129504215295
C_propfix,0.0,0.25,TIE,FILTER,0.002639918076758563,0.9927964060238355,0.9990793897170385,0.9964394716402799,0.9991129504215295
C_propfix,0.0,0.5,FILTER,FILTER,0.020349135852839928,0.9682700786386856,0.9990793897170385,0.9787302538641985,0.9991129504215295
C_propfix,0.0,0.75,FILTER,FILTER,0.05040914168298094,0.9232901142838137,0.9990793897170385,0.9486702480340575,0.9991129504215295
C_propfix,0.0,1.0,FILTER,FILTER,0.07666449897483663,0.8566276970034938,0.9990793897170385,0.9224148907422018,0.9991129504215295
C_propfix,0.5,0.0,TIE,ALL,0.0011424822661130207,0.9977964360666328,0.9866670973135935,0.9966539538005198,0.9989730094817107
C_propfix,0.5,0.25,TIE,ALL,0.0003687482663952135,0.9924013850865647,0.9866670973135935,0.9920326368201695,0.9989730094817107
C_propfix,0.5,0.5,FILTER,FILTER,0.013220351215537773,0.9677353836320952,0.9866670973135935,0.9734467460980557,0.9989730094817107
C_propfix,0.5,0.75,FILTER,FILTER,0.048800902756679254,0.9258021919874273,0.9866670973135935,0.9378661945569142,0.9989730094817107
C_propfix,0.5,1.0,FILTER,FILTER,0.08566679081851658,0.8679159533578842,0.9866670973135935,0.9010003064950769,0.9989730094817107
C_propfix,1.0,0.0,ALL,ALL,0.00943003037657797,0.9984507279317582,0.9548672841240229,0.9890206975551802,0.9984037591005943
C_propfix,1.0,0.25,ALL,ALL,0.007350099428812484,0.9920728713953535,0.9548672841240229,0.984722771966541,0.9984037591005943
C_propfix,1.0,0.5,TIE,IPW_est,0.0010458096173866505,0.9643668586457247,0.9548672841240229,0.9654126682631113,0.9984037591005943
C_propfix,1.0,0.75,FILTER,FILTER,0.028638183875509426,0.9185174705471126,0.9548672841240229,0.9262291002485135,0.9984037591005943
C_propfix,1.0,1.0,FILTER,FILTER,0.07182851275240243,0.8605979982728844,0.9548672841240229,0.8830387713716205,0.9984037591005943
C_propfix,1.5,0.0,ALL,ALL,0.022729871522598533,0.9975795674738608,0.9250927213145121,0.9748496959512623,0.9960982290921876
C_propfix,1.5,0.25,ALL,ALL,0.017301319700742557,0.9901682396028821,0.9250927213145121,0.9728669199021396,0.9960982290921876
C_propfix,1.5,0.5,TIE,ALL,0.0045533399084248805,0.9600185143074378,0.9250927213145121,0.9554651743990129,0.9960982290921876
C_propfix,1.5,0.75,FILTER,FILTER,0.008223723080219458,0.9105324614426273,0.9250927213145121,0.9168689982342927,0.9960982290921876
C_propfix,1.5,1.0,FILTER,FILTER,0.05397923291831419,0.8517085366534733,0.9250927213145121,0.871113488396198,0.9960982290921876
C_propfix,2.0,0.0,ALL,ALL,0.04052504287188907,0.9968151522513014,0.9004675018409174,0.9562901093794123,0.9911538399156057
C_propfix,2.0,0.25,ALL,ALL,0.03170835339288314,0.9890889207574234,0.9004675018409174,0.9573805673645402,0.9911538399156057
C_propfix,2.0,0.5,ALL,ALL,0.012434844771643472,0.9557415761355152,0.9004675018409174,0.9433067313638718,0.9911538399156057
C_propfix,2.0,0.75,TIE,IPW_est,0.0035581181336693524,0.9026474050846859,0.9004675018409174,0.9062055232183552,0.9911538399156057
C_propfix,2.0,1.0,FILTER,FILTER,0.040693426737025584,0.8426363844957943,0.9004675018409174,0.8597740751038918,0.9911538399156057
C_propfix,2.5,0.0,ALL,ALL,0.06248636345658609,0.9968815216150085,0.8816982599085554,0.9343951581584224,0.9834206500103216
C_propfix,2.5,0.25,ALL,ALL,0.04969382599891192,0.9880291596378712,0.8816982599085554,0.9383353336389593,0.9834206500103216
C_propfix,2.5,0.5,ALL,ALL,0.02444202622024516,0.953497268943252,0.8816982599085554,0.9290552427230069,0.9834206500103216
C_propfix,2.5,0.75,TIE,ALL,0.0026069096381209356,0.8981319520781742,0.8816982599085554,0.8955250424400533,0.9834206500103216
C_propfix,2.5,1.0,FILTER,FILTER,0.03142745829761273,0.8354337351682546,0.8816982599085554,0.8502708016109427,0.9834206500103216
C_propfix,3.0,0.0,ALL,ALL,0.08171811774513027,0.9973698432650666,0.8640876621944097,0.9156517255199363,0.970217494573776
C_propfix,3.0,0.25,ALL,ALL,0.06703170129570435,0.9874280479538535,0.8640876621944097,0.9203963466581492,0.970217494573776
C_propfix,3.0,0.5,ALL,ALL,0.036426238241554,0.9502049463735072,0.8640876621944097,0.9137787081319532,0.970217494573776
C_propfix,3.0,0.75,ALL,ALL,0.008753597997343099,0.8910145056337101,0.8640876621944097,0.882260907636367,0.970217494573776
C_propfix,3.0,1.0,FILTER,FILTER,0.02574223022696387,0.826390345819002,0.8640876621944097,0.8383454319674458,0.970217494573776
C_propfix,4.0,0.0,ALL,ALL,0.10541201932981892,0.9966494075901642,0.8463906452038646,0.8912373882603453,0.9536075004646989
C_propfix,4.0,0.25,ALL,ALL,0.08948137613789575,0.9867768866716319,0.8463906452038646,0.8972955105337361,0.9536075004646989
C_propfix,4.0,0.5,ALL,ALL,0.0521281994771946,0.9489089293761592,0.8463906452038646,0.8967807298989646,0.9536075004646989
C_propfix,4.0,0.75,ALL,ALL,0.018099291627367786,0.8870493071185626,0.8463906452038646,0.8689500154911948,0.9536075004646989
C_propfix,4.0,1.0,FILTER,FILTER,0.01970638238581912,0.8211534960041064,0.8463906452038646,0.8266842628180455,0.9536075004646989
D_both,0.0,0.0,TIE,FILTER,5.6695686307728366e-05,0.9985699059614771,0.9990793897170385,0.9990226940307307,0.9991129504215295
D_both,0.0,0.25,TIE,FILTER,0.0012762866306110787,0.9958509621192685,0.9990793897170385,0.9978031030864274,0.9991129504215295
D_both,0.0,0.5,FILTER,FILTER,0.031841651719221264,0.9469747182128461,0.9990793897170385,0.9672377379978172,0.9991129504215295
D_both,0.0,0.75,FILTER,FILTER,0.0730538920770395,0.8682693668445167,0.9990793897170385,0.926025497639999,0.9991129504215295
D_both,0.0,1.0,FILTER,FILTER,0.07666449897483663,0.8566276970034938,0.9990793897170385,0.9224148907422018,0.9991129504215295
D_both,0.5,0.0,TIE,ALL,0.0011424822661130207,0.9977964360666328,0.9866670973135935,0.9966539538005198,0.9989730094817107
D_both,0.5,0.25,TIE,ALL,0.0034698476298646863,0.9950542565892273,0.9866670973135935,0.9915844089593626,0.9989730094817107
D_both,0.5,0.5,FILTER,FILTER,0.031814662495580626,0.939704892680761,0.9866670973135935,0.9548524348180129,0.9989730094817107
D_both,0.5,0.75,FILTER,FILTER,0.08117276198443901,0.8753282413888814,0.9866670973135935,0.9054943353291545,0.9989730094817107
D_both,0.5,1.0,FILTER,FILTER,0.08566679081851658,0.8679159533578842,0.9866670973135935,0.9010003064950769,0.9989730094817107
D_both,1.0,0.0,ALL,ALL,0.00943003037657797,0.9984507279317582,0.9548672841240229,0.9890206975551802,0.9984037591005943
D_both,1.0,0.25,ALL,ALL,0.013478808680359,0.9944572249186698,0.9548672841240229,0.9809784162383108,0.9984037591005943
D_both,1.0,0.5,FILTER,FILTER,0.013114974688931857,0.9285486662261395,0.9548672841240229,0.941752309435091,0.9984037591005943
D_both,1.0,0.75,FILTER,FILTER,0.06654895273498607,0.8673292220952289,0.9548672841240229,0.8883183313890368,0.9984037591005943
D_both,1.0,1.0,FILTER,FILTER,0.07182851275240243,0.8605979982728844,0.9548672841240229,0.8830387713716205,0.9984037591005943
D_both,1.5,0.0,ALL,ALL,0.022729871522598533,0.9975795674738608,0.9250927213145121,0.9748496959512623,0.9960982290921876
D_both,1.5,0.25,ALL,ALL,0.026245144199691706,0.9918991297549378,0.9250927213145121,0.9656539855552461,0.9960982290921876
D_both,1.5,0.5,TIE,IPW_est,0.004625610849733119,0.9197087971863773,0.9250927213145121,0.9297183321642453,0.9960982290921876
D_both,1.5,0.75,FILTER,FILTER,0.048241252420423986,0.8576712644986143,0.9250927213145121,0.8768514688940882,0.9960982290921876
D_both,1.5,1.0,FILTER,FILTER,0.05397923291831419,0.8517085366534733,0.9250927213145121,0.871113488396198,0.9960982290921876
D_both,2.0,0.0,ALL,ALL,0.04052504287188907,0.9968151522513014,0.9004675018409174,0.9562901093794123,0.9911538399156057
D_both,2.0,0.25,ALL,ALL,0.044734493687552446,0.9914037365985773,0.9004675018409174,0.9466692429110248,0.9911538399156057
D_both,2.0,0.5,IPW_est,IPW_est,0.007392834765598599,0.9086393899317782,0.9004675018409174,0.9160322246973768,0.9911538399156057
D_both,2.0,0.75,FILTER,FILTER,0.03644051275812854,0.8467378697931462,0.9004675018409174,0.8640269890827889,0.9911538399156057
D_both,2.0,1.0,FILTER,FILTER,0.040693426737025584,0.8426363844957943,0.9004675018409174,0.8597740751038918,0.9911538399156057
D_both,2.5,0.0,ALL,ALL,0.06248636345658609,0.9968815216150085,0.8816982599085554,0.9343951581584224,0.9834206500103216
D_both,2.5,0.25,ALL,ALL,0.06356694441353161,0.9904716677295015,0.8816982599085554,0.9269047233159698,0.9834206500103216
D_both,2.5,0.5,TIE,ALL,0.002092746914391208,0.9058629811233635,0.8816982599085554,0.9037702342089723,0.9834206500103216
D_both,2.5,0.75,FILTER,FILTER,0.026844862357391586,0.8406552117677792,0.8816982599085554,0.8548533975511639,0.9834206500103216
D_both,2.5,1.0,FILTER,FILTER,0.03142745829761273,0.8354337351682546,0.8816982599085554,0.8502708016109427,0.9834206500103216
D_both,3.0,0.0,ALL,ALL,0.08171811774513027,0.9973698432650666,0.8640876621944097,0.9156517255199363,0.970217494573776
D_both,3.0,0.25,ALL,ALL,0.08188108770904867,0.9903787500434038,0.8640876621944097,0.9084976623343551,0.970217494573776
D_both,3.0,0.5,ALL,ALL,0.009805873135985799,0.898131781347166,0.8640876621944097,0.8883259082111802,0.970217494573776
D_both,3.0,0.75,FILTER,FILTER,0.02070412483489681,0.8315694452898609,0.8640876621944097,0.8433835373595129,0.970217494573776
D_both,3.0,1.0,FILTER,FILTER,0.02574223022696387,0.826390345819002,0.8640876621944097,0.8383454319674458,0.970217494573776
D_both,4.0,0.0,ALL,ALL,0.10541201932981892,0.9966494075901642,0.8463906452038646,0.8912373882603453,0.9536075004646989
D_both,4.0,0.25,ALL,ALL,0.10237289748521128,0.9885049096492664,0.8463906452038646,0.8861320121640551,0.9536075004646989
D_both,4.0,0.5,ALL,ALL,0.022256209131166882,0.8944042819046527,0.8463906452038646,0.8721480727734858,0.9536075004646989
D_both,4.0,0.75,FILTER,FILTER,0.01458958642566166,0.8255981628326662,0.8463906452038646,0.831801058778203,0.9536075004646989
D_both,4.0,1.0,FILTER,FILTER,0.01970638238581912,0.8211534960041064,0.8463906452038646,0.8266842628180455,0.9536075004646989
