regime,beta,rho,D,seed,fixed_magnitude,error_mode,propensity_on,retain_obs,D_ALL,I_ALL,rho_sp_ALL,D_FILTER,I_FILTER,rho_sp_FILTER,D_IPW_oracle,I_IPW_oracle,rho_sp_IPW_oracle,D_IPW_est,I_IPW_est,rho_sp_IPW_est,D_IPW_calib,I_IPW_calib,rho_sp_IPW_calib,D_ALL_calib,I_ALL_calib,rho_sp_ALL_calib,D_SMITH_env,I_SMITH_env,rho_sp_SMITH_env,D_SMITH_geo,I_SMITH_geo,rho_sp_SMITH_geo,D_IPWest_vs_IPWoracle,D_IPWest_vs_FILTER,diag_ess_frac,diag_w_max_over_mean,diag_w_p99,diag_propensity_auc,diag_prop_brier,diag_prop_coef_E1,diag_prop_coef_E1_calib,diag_ess_frac_calib,diag_w_max_over_mean_calib,diag_w_p99_calib,diag_lowq_dE1_shift,diag_realised_disp
iso,0.0,0.0,10.0,0,1,blend,obs,0.6006666666666667,0.8891383713360586,0.9882326770341978,0.9983145357940705,0.9745676435997241,0.9994918167968668,0.9984849984777698,0.9758214582375306,0.999541146269307,0.9986154394972655,0.9210267179370429,0.9940412593101737,0.9994699408108253,0.9505536046628361,0.9976507593614052,0.9995208022129375,0.9329659038825973,0.9956591277511314,0.9988416034840552,0.9040170418794322,0.9912334164953223,0.9994660009533364,0.8923540295273513,0.9891510604230634,0.9953372290401836,0.9125374854382184,0.9117112614592937,0.7744886907657477,17.557199119339693,3.9837240999029557,0.6584559170945286,0.21850978798606888,-0.016819722168906998,0.022200993273082732,0.9360768114480283,7.83759881819499,3.006273712643602,0.010857909559232796,9.795641216981993
iso,0.0,0.0,10.0,1,1,blend,obs,0.607,0.8965995356045298,0.9898832594625756,0.9995381497924433,0.9904062772939096,0.999891302842697,0.9996017122489097,0.9903775161665879,0.9998903685116189,0.9995989908338627,0.9216365197182332,0.9941815483425942,0.9998701340074941,0.9511335277960427,0.9976847145559593,0.9994576495651076,0.938388071774432,0.9963745464860877,0.9995566571498306,0.9134196594994323,0.9927975297373939,0.9993386394631308,0.8744626989135584,0.9854098443440672,0.9930991913499438,0.9224510297228472,0.9222830681694987,0.32239825012955425,54.44749364237142,3.8044899524994182,0.6460500643002499,0.22033785037472603,0.07120574714050762,0.0998832418269335,0.9281725846626424,9.130008659116895,2.810940451176641,-0.028137627325423853,9.814539588876414
iso,0.0,0.0,10.0,2,1,blend,obs,0.604,0.8795287762592525,0.9862230787417999,0.9989547516597057,0.9853167405714123,0.99977303428716,0.9994712917865792,0.9852064612444665,0.9997696733690453,0.9994410171934182,0.9174241031162643,0.9934416654310612,0.9989380299861916,0.9415754347622098,0.9967287149878514,0.9996063340898705,0.9233952030570712,0.9944065793763975,0.9997254880841359,0.9242306352450771,0.9945366995911881,0.9997965951318022,0.8683206727084116,0.9837166214045644,0.990185524117753,0.9270650206873468,0.9273224686921884,0.9146289120227913,4.70870390658583,3.596025652823745,0.6374574014612646,0.2201743639363436,0.0009670685942742658,0.04009847816207109,0.9688712489293507,2.951229461031004,2.988679445297591,-0.004532873196805874,9.836192930559635
iso,0.0,0.0,10.0,3,1,blend,obs,0.597,0.8849824170553712,0.9872678047534496,0.9966907139112521,0.9740694035081978,0.9994223458195243,0.9980590558327623,0.9750002175514846,0.9994604888049508,0.9981710183525788,0.9186942344253499,0.9935821078460497,0.9966413666719208,0.9446010839061759,0.9969596204380436,0.9972693296166716,0.927595129370794,0.9949096098479286,0.9976443253228482,0.9116059013365724,0.9926614413891297,0.9992662257576713,0.878462219173771,0.9860974321917794,0.9950707335482722,0.9269340782435822,0.9276834538471824,0.8515332971444362,10.437640728090463,3.8421090280506514,0.6421947528285671,0.22285926507749615,-0.025158759140154446,-0.007650674260404264,0.9662051670731605,4.656291817123287,2.841688537740655,0.023582589985957306,9.84277479489652
iso,0.0,0.0,10.0,4,1,blend,obs,0.5966666666666667,0.8966043733732433,0.9897921102476789,0.9977081368957358,0.9799691663835572,0.9996550374853792,0.9989962403620662,0.9802564545578607,0.9996655864496098,0.999027114448255,0.9323334950433755,0.9956529143434478,0.9987644455459339,0.9559220951321873,0.9981602945493528,0.9986876719733717,0.9382986769175665,0.9963649149621725,0.9986542909930676,0.9001101003746564,0.9904432169085207,0.999108064019988,0.8748953026899489,0.9854223811685602,0.9933966459898326,0.9252271506166665,0.9250764004313691,0.9255327171482857,4.398224277397955,3.6597875139519367,0.6392938270464934,0.22265333607693447,-0.1448687123695754,-0.12224971637297016,0.971262670900275,2.6974610016589065,2.8204395212236704,0.008046434446076388,9.802886723005642
iso,0.0,0.0,10.0,5,1,blend,obs,0.5986666666666667,0.8986739988370045,0.9901229982243354,0.998293633027334,0.9825681429631145,0.999746873982769,0.99918791110797,0.9826282140346403,0.9997493890452662,0.9991931922523586,0.9271950574994602,0.9949361101833692,0.999642494298628,0.954010691623349,0.9979565960129205,0.9996149893080082,0.9401309818561189,0.9965416317977367,0.9993390331606316,0.9083569488234557,0.9920462797850759,0.9993939672324947,0.8877014695283623,0.9882961491611085,0.9953431563158502,0.9304573796786975,0.930623739662453,0.9368837107808503,5.333932644342791,3.561473876865135,0.6228720245802781,0.2254777615797002,-0.050674783251926904,-0.023146064030431512,0.980426887520217,2.6817342480481616,2.7070272584458266,0.0033252568001060135,9.824206391258887
iso,0.0,0.0,10.0,6,1,blend,obs,0.6106666666666667,0.887939110699195,0.9881273631109423,0.9996186731940649,0.9823300249842519,0.9996872495199879,0.9991488025506859,0.9829500788490968,0.99970654955868,0.9991712001947631,0.9248842721494441,0.994684700354307,0.9999738851618368,0.9484057473157658,0.9974574383349439,0.9996945613837349,0.92911425755495,0.9952223248840938,0.9998739955516323,0.9208560812350637,0.9939815275369512,0.9989546289833331,0.8739462680754266,0.9854749096260504,0.9919168737531348,0.9320212150477896,0.9327396638948736,0.9327015661979696,5.611134825973627,3.514261579184161,0.6343488757701741,0.22004483150957496,-0.08166279064234766,-0.06393328508679987,0.9762861657086245,3.0141004078864144,2.626895903565053,0.0023443140194252306,9.86734072916851
iso,0.0,0.0,10.0,7,1,blend,obs,0.5916666666666667,0.8970475985572354,0.9899719375357509,0.9994406534172106,0.9857107197228532,0.9998146183047919,0.9996851053695642,0.9855005026953333,0.9998092029619053,0.9996856305997343,0.9202997148743303,0.9939734496907467,0.9988812557630158,0.9503552358834552,0.997662468094081,0.9993472073306613,0.9415614313972821,0.9967506462330549,0.9996519984094555,0.8995054891358281,0.9902590333615411,0.999256094110069,0.8708058162059983,0.9844990806704512,0.9894451732212184,0.9113951740399009,0.9116997773241101,0.8002774859355232,13.305698957779816,4.467614165860047,0.6538826099453866,0.2210009473217203,-0.04260730658311225,-0.01443081724347857,0.9473129202736388,6.083214511559243,3.2865965203851197,0.0020775955623815773,9.835290476505143
iso,1.0,0.0,10.0,0,1,blend,obs,0.602,0.8864525433847421,0.9876797522474529,0.9981527595744557,0.8616424943736767,0.9828022915005776,0.9533261150112837,0.952936385433316,0.997916641396699,0.9951914390173495,0.926381049268648,0.9951248197017131,0.9859712009263553,0.9468180122648026,0.9974873791653582,0.9916555147923459,0.932085684917586,0.9955715470877448,0.9993909707279449,0.8662705500347099,0.982467538615929,0.9826317462453469,0.8752882337138439,0.9856516240682572,0.9807130961688908,0.9289391115335693,0.8921291059891808,0.2602532450061326,68.85610826855925,5.387478916268399,0.7248759949618895,0.19423467020438429,1.377213106965708,1.4816811680612,0.36117158607727656,53.46647402696863,5.07506923458144,0.0165314154818829,9.784884425711784
iso,1.0,0.0,10.0,1,1,blend,obs,0.596,0.8843885148378361,0.987286063051812,0.9984515394058442,0.8535237546379304,0.9813694213896573,0.9473165223626675,0.9669851185698557,0.9988904878474958,0.9975414661710895,0.926074505389921,0.9953968817048677,0.9880340807667776,0.946387575538713,0.9976315341491551,0.9925257842770018,0.9280926212173416,0.9951166535202277,0.999736470755175,0.8622825937908338,0.9817090958952964,0.9794324372552319,0.8536230484918675,0.9806047020017661,0.9675985889991834,0.9316636682726398,0.8892761113994196,0.35625985227597406,43.071110584045265,5.607120457665905,0.7315902311707682,0.1943859208276684,1.373352193096907,1.4498869311179545,0.5424238703094182,25.456463263986368,5.194056084397081,0.023930741781659777,9.806820222459825
iso,1.0,0.0,10.0,2,1,blend,obs,0.6066666666666667,0.8813552653359772,0.9865822855590768,0.998562086754989,0.8645962469483989,0.9841366048922603,0.9513984658288837,0.9887882836835458,0.9998588592588381,0.9996033060175087,0.9242982425010904,0.9951348542907941,0.9884462409215107,0.9466315209930389,0.9976371856310383,0.993948519336765,0.9232166068182954,0.9944032623733472,0.9997991573745523,0.8807342599349589,0.9861126858205745,0.98279613329718,0.8546000968152769,0.980450484217276,0.9691996036395735,0.9274281163675918,0.9018893127941714,0.6775839111164706,19.13518170557221,4.4983597044466865,0.7243236636245111,0.19580494566978474,1.2989029156111367,1.3868255797568223,0.7998869453910861,11.61206834794277,4.6036190382055775,0.015130347247912557,9.774214784189391
iso,1.0,0.0,10.0,3,1,blend,obs,0.5996666666666667,0.887416617686905,0.9878224833090914,0.9964080932962923,0.8862253821046956,0.9885764960951698,0.9671985557780435,0.9770803376940421,0.9995358507274683,0.9993012968858549,0.9488492946422543,0.9977611572071561,0.995121326623625,0.9708998736762738,0.9992949771378292,0.9980712076272145,0.930181751307757,0.9953100727241985,0.9984304677336109,0.8837994140346723,0.9866406528068479,0.9895754530778605,0.8738588579168988,0.9853290160972243,0.9861193140633496,0.9303954405927464,0.907291778802277,0.8017396832912485,11.08462823429762,4.775940809310216,0.7087469724830937,0.19988951202953656,1.1524357850050304,1.2504771577162146,0.836497531291219,10.07283140711088,4.722656307476214,0.05602940842355881,9.805001042593357
iso,1.0,0.0,10.0,4,1,blend,obs,0.598,0.8916825663540612,0.9888146833297655,0.9985958862206968,0.8711932788785307,0.9855844280539828,0.9586981270360155,0.9924415102578563,0.9999415422400906,0.9999347188834149,0.928901286297678,0.9956556944973571,0.9906221960694748,0.9498819779457618,0.9979218336691028,0.9942341079418893,0.9351604229536415,0.9960194050713738,0.9997284294074207,0.8684712617441164,0.9831681407742986,0.9827935271863648,0.8706442234303484,0.9849095123231729,0.9774951166114733,0.9237855823550223,0.8949720068340614,0.7888856026589258,9.651471471091682,5.36768726528998,0.6970498677182649,0.20334309845372264,1.064003968835169,1.159452336696425,0.8499283958981545,6.747386862107506,4.825731741795609,0.04839678467645012,9.776596200892726
iso,1.0,0.0,10.0,5,1,blend,obs,0.5976666666666667,0.8950429378006228,0.9895229106460012,0.9992331261453848,0.8749877409873955,0.9865451042717538,0.9597141225080896,0.9920101463814899,0.9999377401149496,0.9999655912272405,0.9336680404751578,0.9961793939383449,0.9910745720181173,0.9559819424806595,0.9983893925499877,0.9952400901705114,0.93737894581989,0.9962832421455073,0.999951286460802,0.8708087851868628,0.9837423417689489,0.982179870457876,0.8687717650970329,0.9846265758157104,0.9776880594997892,0.9273001765579743,0.9008129859000172,0.8004311416923156,11.850589194329563,4.697495084535402,0.700976271988415,0.20505007894399144,1.1371636144769506,1.2302682314621085,0.847517802597787,9.879536363860314,4.288939008942349,0.05750840191206708,9.784590422679809
iso,1.0,0.0,10.0,6,1,blend,obs,0.6103333333333333,0.8828555757756253,0.9870823771946136,0.9990195506102383,0.8721860789603568,0.9862811496318946,0.9567216373994394,0.9905319328404967,0.9998923335623562,0.9996168412124032,0.9413295840671845,0.9970764448970671,0.9937600665435945,0.959917000915327,0.9985781252681785,0.9964615327626118,0.9256865955046938,0.9947348006776026,0.9987694344332515,0.8806999692098503,0.9863961954934961,0.9823632846141159,0.8637865596158173,0.9834613812694892,0.9785061229952429,0.9365364413735549,0.9089695847086465,0.6811700231658823,21.755294064107293,4.373757038108851,0.7046776385591927,0.2005189911750447,1.193585552765685,1.2753764935761092,0.7627266703912056,18.056059465216535,4.423684764566041,0.008809961462883478,9.82383111108992
iso,1.0,0.0,10.0,7,1,blend,obs,0.6033333333333334,0.8928316932567245,0.9892595720691987,0.9991827814461637,0.8501112400309618,0.9801122755880108,0.9445647270677601,0.9594249034537108,0.9982293893805226,0.9960754133898932,0.9116110372102206,0.993407373613875,0.9791358965719865,0.9308549197779207,0.9959197028985557,0.9860109150005507,0.9371647688906678,0.9963529358581946,0.9992510448050991,0.8521167151666402,0.9788692080761741,0.9744160263546139,0.8611708218851334,0.9826143336436303,0.9726425396032126,0.9256370852950428,0.9024220803171153,0.7056424339607671,13.905377112971887,4.7568418462172835,0.7097641487534241,0.2000604741319321,1.278190027616776,1.357319889545811,0.7670153172019103,12.8036812621371,4.264042040530344,0.042161432593063486,9.813976927045932
iso,2.0,0.0,10.0,0,1,blend,obs,0.6,0.8934420158542888,0.9890189151335664,0.9966139831474613,0.787255429824713,0.957724427490152,0.8998502183494667,0.9258383204673957,0.9940907077519977,0.9872593311940334,0.8784786699396856,0.9853065170995636,0.9518463696674864,0.8880393309566814,0.9872446958277927,0.9623365734915624,0.9373902727572873,0.996202363527148,0.9984654532227943,0.8289289993438183,0.9715193486697109,0.9627385137919251,0.8775023459837306,0.9863927602356493,0.9744293351989621,0.9197001742627284,0.8826753546216863,0.40263477498757894,45.48554446369273,6.003437206394605,0.7737581018518519,0.17455670724093572,2.258386353556965,2.413419376578496,0.4417225195209814,40.35622724704786,5.300088667098985,0.05967257417462921,9.793383049881383
iso,2.0,0.0,10.0,1,1,blend,obs,0.5966666666666667,0.8869202364538114,0.9879575696319075,0.9987009368244852,0.774709313967503,0.9537361642278336,0.8920983371072839,0.9165347559214728,0.9926547389943703,0.9836681602324191,0.863043052014617,0.9828632358657788,0.9440273576244771,0.8768275493697081,0.9855651982841529,0.957473954797705,0.9315168936871465,0.9956497809401813,0.999488408387834,0.8257102550557431,0.9709299340726707,0.9613265189844346,0.8435110959862927,0.9780587291473369,0.9496682244157496,0.9206999656014314,0.8874817357629519,0.6368002968282157,13.748709897577989,5.463151218901595,0.7902458562260491,0.16780351804836693,2.3368886929505077,2.4903980774811427,0.634084128576133,14.310455906058259,5.293983296439779,0.0488858302358794,9.821425465836382
iso,2.0,0.0,10.0,2,1,blend,obs,0.6046666666666667,0.877821776487426,0.9858123939346919,0.9984156476053859,0.7850717389353932,0.9578865674355319,0.8937483684701895,0.9481574736701485,0.997078283363042,0.9930975395462095,0.878141492755907,0.9869074973759946,0.9550689915793995,0.8903091750983039,0.9889487800386122,0.964376769783738,0.9203766719787487,0.994020198035847,0.9996073019760816,0.8435944593886107,0.9763040510090096,0.9631956608697062,0.8498701056168706,0.9795292277690429,0.9533003120031648,0.9099552837905945,0.8862561101382573,0.3212427984091446,56.123434663326506,5.600154899366614,0.7818705831168856,0.1721549634545004,2.214205163988998,2.345227093504047,0.3773699440365852,50.19509760298652,5.166509106919695,0.05386086178968535,9.767162977902284
iso,2.0,0.0,10.0,3,1,blend,obs,0.5983333333333334,0.8737186079143759,0.9844191858807265,0.9894799382785968,0.8079316280937092,0.9655901910205178,0.9184700670199891,0.9534730804124556,0.997748250565146,0.9972544594026634,0.8991363833799415,0.9899703679024161,0.9685499611489105,0.9110715983687062,0.9919411090487884,0.9777513276599905,0.919040583066896,0.9935687108469954,0.9956094254779578,0.8525427755205854,0.9786089069188013,0.9753345547397473,0.8672425272268817,0.9835323299646672,0.9787276065001147,0.917579531429356,0.8912508313782271,0.42772658831151583,30.857566185074955,5.005418439716426,0.7937990499196709,0.16732949584546317,2.2008848848904936,2.3615599893722456,0.4425923700989979,30.95878802956329,5.157379283429796,0.023844025408935054,9.816934021585464
iso,2.0,0.0,10.0,4,1,blend,obs,0.5976666666666667,0.8956323960208719,0.9896290550120994,0.998823336933248,0.7827122833292421,0.9565694454015025,0.9029340586933561,0.9321270980146901,0.9950966505595682,0.9917775235825482,0.8862483896598048,0.9879844634319609,0.9621893298687962,0.8948182114306424,0.9894276587254266,0.9706392976775389,0.9401469822829898,0.9965942982962912,0.9994423983651236,0.8239076469567651,0.9703183691805812,0.9646250613554956,0.8631041637978598,0.9832774124227446,0.9661909892143303,0.925831322522548,0.8804979399318755,0.41568170492405615,35.41029406579819,6.307673112418003,0.784054809484181,0.1723981001656305,2.2505186145985414,2.361587092597205,0.4165572921367592,35.315952082379,6.180147341482951,0.04772345826449128,9.801014899561594
iso,2.0,0.0,10.0,5,1,blend,obs,0.6033333333333334,0.8852855878121241,0.9874008646146534,0.9974553176643166,0.7966249350121454,0.9623905313025133,0.907344971502306,0.9610693840620159,0.9983398675258328,0.9959690326622014,0.8940137531576695,0.9893363430915543,0.9635299591731052,0.9061346221010619,0.9914762819781896,0.9728395016866141,0.9292168612169719,0.9952550288757656,0.9994458275192866,0.8368884960864611,0.9742937650491634,0.9646501150237944,0.8635508342621517,0.9832971164528842,0.9686222081740337,0.9186081047088988,0.8730572052043082,0.35126335372130313,48.41471515177036,6.128541704772525,0.7815991921630532,0.17380106671378742,2.1064420326126565,2.243191976691704,0.43949688138584525,38.312376246458605,5.65074529518181,0.05217399738339358,9.768467403522363
iso,2.0,0.0,10.0,6,1,blend,obs,0.6173333333333333,0.8823773687795065,0.9867746112451244,0.9979578471858335,0.7920989997538872,0.9604863812541056,0.9006596288161807,0.9484827776734923,0.9970901436344174,0.9931526605973667,0.8809690945537353,0.9863230911161927,0.9563470599469236,0.8968668188519504,0.9895096852349594,0.9687310109107204,0.925586431301809,0.9947312809386062,0.9997494518807879,0.8482634322311644,0.977908186260276,0.9670160814506775,0.8583450424953397,0.9816583837038354,0.966787119834766,0.9156923032355775,0.8936620049439661,0.7406206555212175,11.787808638582828,4.548189978667956,0.7879093888516793,0.1679022511322063,2.2212815443234324,2.3817292140569863,0.7440238485080919,10.979208137947754,4.9531609144799535,0.02780847867436745,9.810271601266427
iso,2.0,0.0,10.0,7,1,blend,obs,0.6053333333333333,0.8931686025777563,0.989054900054878,0.9970742103710831,0.7740182950418174,0.9532281616190881,0.888634364768567,0.9322029658069678,0.9950127844368072,0.9870520121074039,0.8737122630693003,0.9848844001279856,0.9487618460262002,0.8807861121881093,0.9861355788240825,0.9578815025206664,0.9362001351045476,0.9961879395080206,0.998365992847572,0.8194280764238538,0.9685464344933096,0.9536912595116196,0.8600080160590398,0.9823944753157077,0.967449956027193,0.9200540567931399,0.8693179288858084,0.5757392954977796,21.91494853885476,6.72666847985303,0.778437630223836,0.1733492742544523,2.228953401371136,2.373538020003663,0.6311952776470338,20.72436911939788,5.259615137082327,0.05642250060656889,9.85178756776774
iso,3.0,0.0,10.0,0,1,blend,obs,0.603,0.8922188269282564,0.9888265488460659,0.9979837959816686,0.7414519719977307,0.9367325700208131,0.8647008216080868,0.8868053627847106,0.9861937790887924,0.9679589706480353,0.8254512290922759,0.9693886754859143,0.91416212149373,0.8386720311912916,0.9734633857401566,0.9317787515707933,0.9373126783302229,0.9962241590871235,0.9994112965214806,0.8156850332313432,0.9665543866476726,0.9539867926899233,0.8750448043572522,0.985950365886208,0.9675221128328184,0.9139920007395009,0.8910019994394671,0.365334552768809,48.04360580788822,5.206748408857838,0.8119761301710497,0.1555789666188678,3.1181404193355813,3.3466142626336706,0.2726667664663626,62.95098279201028,5.648965819922765,0.07185648557234829,9.739829918291601
iso,3.0,0.0,10.0,1,1,blend,obs,0.5963333333333334,0.8769599436426996,0.9856773871338119,0.9980416536413351,0.7308199767075563,0.9329669225930087,0.8583997261535545,0.8732083280382181,0.9831335730526408,0.9607928366379914,0.8180488260977534,0.9678444774167756,0.9091620087808696,0.8258409079134169,0.9698761776485062,0.9231684737580487,0.9213696626800969,0.9942305499203038,0.9993285318595654,0.8200693553684657,0.9689071890342584,0.9549073266235368,0.8418945856525277,0.9774605298461272,0.9475776485420458,0.9251420074605674,0.8856017053188381,0.6230939203767596,14.382973283563743,5.234801874002913,0.8334721915144343,0.1472192823080599,3.2282480229362562,3.3964109121912447,0.6427223240438672,16.30358940479677,4.914942790667263,0.025369154841095004,9.816284545749628
iso,3.0,0.0,10.0,2,1,blend,obs,0.6073333333333333,0.8803185122543016,0.9862902387499944,0.9954445680646528,0.7414656368792716,0.9367643117403853,0.860295564453576,0.8942617582240795,0.9877084632705275,0.9710600977539504,0.8254580449610407,0.9701985654935853,0.9109082954494508,0.8359124096157318,0.9732092248748115,0.9262836010301626,0.9216341159014987,0.9941951642063435,0.9970157233657599,0.8196915384852328,0.9678442613486636,0.950846068000654,0.8386797903386858,0.9757784522316313,0.9382259051810851,0.9037004599459928,0.8902426195168869,0.29982197018644074,58.20824036269942,5.262778310656296,0.8171373646750991,0.15520502762759167,2.9545019249574067,3.1528306707508853,0.5915936980311226,20.680574603390593,4.994324167617572,0.06572886510340888,9.785541525108364
iso,3.0,0.0,10.0,3,1,blend,obs,0.5943333333333334,0.8931169086555774,0.9889318208668073,0.9968811282439326,0.7454894206281577,0.9385925576425056,0.8762757868125832,0.8867437674870027,0.9863687892014142,0.9755539934371817,0.8357438866849914,0.9728986909808107,0.9303038119873868,0.8420041261342882,0.9745393576089266,0.9432325471910689,0.9390418551897103,0.9964242740984743,0.9995468925829173,0.8141198423381457,0.9666319296205558,0.9605172296319748,0.8701980410451936,0.9846554765796662,0.9682741243126285,0.9247688899082546,0.8898789932517552,0.07770030015983759,135.82612533580377,4.975165610000817,0.8263834323158877,0.152730339332857,3.1321321739043686,3.3048765744131448,0.0644989796409918,151.865421111504,4.811534932883859,0.056145174290366036,9.798882518205605
iso,3.0,0.0,10.0,4,1,blend,obs,0.5936666666666667,0.8964112674285317,0.9897982084584309,0.9990959747574839,0.7380527681961363,0.9360742157690665,0.8687595196669248,0.901311320130929,0.9896209385327742,0.9785098633185537,0.8258091296132386,0.9707099612292521,0.9217806659720889,0.8376359645016599,0.9738645539477688,0.9372764955407547,0.9411683543988458,0.996735896050181,0.9995465184104675,0.8022137967144835,0.9625911049107471,0.9522903298384329,0.8531127255941409,0.98041543739492,0.9535211848791922,0.9053421769946325,0.8953748354419977,0.2224479199581648,53.803610038944704,4.789800625794392,0.8101404442757593,0.1584781774525432,2.9444882515906463,3.09025805387381,0.2417570221244442,57.23276444868743,5.209177424376766,0.06920600481113857,9.79324338033451
iso,3.0,0.0,10.0,5,1,blend,obs,0.6016666666666667,0.8783386230684638,0.9857670308073401,0.9954473128077658,0.7455467558336333,0.9396464971143258,0.8689783870295196,0.8886794534725371,0.9867587714280831,0.9680614485076889,0.8313931209597734,0.971741384916117,0.9192351911080134,0.840929490241111,0.9744473018187512,0.9325720151678232,0.922484465324707,0.9942641678277669,0.997974669741878,0.8175314930943842,0.9675645771728969,0.9531605395119733,0.8451053387793795,0.9781455487936139,0.9501805684454812,0.9259374735970405,0.8859772288857723,0.1115403972288989,109.49305192459305,5.030030773354213,0.8278612408581463,0.15266298054046792,3.117565422948196,3.299129323337462,0.12030576574284053,100.0747015565576,4.930915928959745,0.06139168555722829,9.775662075282284
iso,3.0,0.0,10.0,6,1,blend,obs,0.6143333333333333,0.8769892805878752,0.9854824926593717,0.9969543146487493,0.7456683482085398,0.9397903871428176,0.865653995044991,0.9012676064144141,0.989489710840638,0.9766988285813027,0.8228352261111422,0.9696241753740874,0.9163233809264827,0.8306365271559477,0.9715841514970076,0.9293080092276504,0.9205361167161386,0.9939902599536757,0.9989632785652554,0.8211948781640275,0.9688363925326401,0.9519124369009112,0.8489252291099199,0.9794504160027693,0.9568985981901053,0.900960416370359,0.907408774338375,0.7322529151255935,16.458928982773323,4.278238246429458,0.8037349385724958,0.15741788869456172,2.8122073269301335,2.980692632027734,0.7665240111219686,11.423770672433013,4.042227033657413,0.08503612394315135,9.789153140995195
iso,3.0,0.0,10.0,7,1,blend,obs,0.6016666666666667,0.8958647374017281,0.9897802275025472,0.9991099979749452,0.7215200190961615,0.9278863843018467,0.8496374967860413,0.8741148530830418,0.9832436798607096,0.9631039177055036,0.8074766712145011,0.9637731173669318,0.9033383284414686,0.8181265542478569,0.9669149483620992,0.9215781040299177,0.9405479763210742,0.9967300308434078,0.9988839665557998,0.7932396717005985,0.9587519079467586,0.9398302706844601,0.8590733080100699,0.9825088729905495,0.9585303008529171,0.9130892931475165,0.8924029490485821,0.5680679440640919,24.295656144510286,4.8113073782670925,0.8091099804123831,0.16044594213678984,3.0312978107738466,3.187094936932607,0.6886070241182989,14.947687075026,4.920110498438496,0.07661321042340619,9.796180169812741
iso,4.0,0.0,10.0,0,1,blend,obs,0.6053333333333333,0.8914254874685525,0.9886928494306699,0.9981224712204894,0.7133100643170126,0.9218419586366273,0.8433927254285128,0.8408991395793164,0.9732512944131324,0.9404076579088233,0.784714862462967,0.9533955809159633,0.8871718542635203,0.7926495555613995,0.9564099069967033,0.9027534005612425,0.9359318862586747,0.9960670038466133,0.9996445631386579,0.8159353320371414,0.9668696825286437,0.9523999745362662,0.8658180113002365,0.9836322365723341,0.9589114360482772,0.9227800740471829,0.904749892885314,0.7027786038542094,14.995125954621995,4.369297757785721,0.8323863424961304,0.14470094250361232,3.8006805067359783,4.08800577305621,0.7245321720396113,14.347720629974104,4.524928101081899,0.058785495062164426,9.765685071168763
iso,4.0,0.0,10.0,1,1,blend,obs,0.599,0.8823840886890781,0.9869345085784588,0.9973284110080962,0.7086969451584251,0.9210921041754973,0.844506288041792,0.8410005818861774,0.9737415836446568,0.9442270275623925,0.7827930872633445,0.9539371436126639,0.8828206331365233,0.788615588381785,0.9556689717625986,0.8990560900854966,0.9265131207218398,0.9950139451798087,0.9984911152389867,0.8045646795065016,0.9630220295655836,0.9471425402681141,0.8305900654108851,0.9742861722563981,0.9362301021153624,0.9201160494947087,0.8970706368994431,0.6378034302654715,24.17138176213103,4.838247175660665,0.8422481636753969,0.14109064035000413,3.63948380849962,3.8311914871211954,0.7344601950325242,16.231675097821014,4.295390661039334,0.05305150657132114,9.846052450632344
iso,4.0,0.0,10.0,2,1,blend,obs,0.601,0.8688667513553964,0.9836468763853473,0.994444938784706,0.7108968772851345,0.9217597764492446,0.8331694479757035,0.851343605078591,0.9766696211982112,0.9461029557018421,0.7864414193249359,0.9560937066856033,0.882028771162506,0.7965747799989824,0.9595118813789364,0.8973059712097068,0.9099227636461433,0.9923698964773707,0.996324086365336,0.8098106962979956,0.9643636809858858,0.9436462060633506,0.818629495747922,0.9691095713554841,0.9098390429799486,0.9105349264623153,0.9064599503713122,0.012338841600096052,380.35987577628936,4.176194933717929,0.8312781398865995,0.1458455476421369,3.6626231084319967,3.858559185075608,0.1572848897824457,96.83711522955475,4.348290037925103,0.08211763657020213,9.827334940432415
iso,4.0,0.0,10.0,3,1,blend,obs,0.5993333333333334,0.8810143586277025,0.9862967388746466,0.9946671733081031,0.7386707190749287,0.9346706789398886,0.8678180880842293,0.8754520701966486,0.983191817079291,0.9693473059107836,0.8050131473375509,0.9614694014681701,0.9092695632811367,0.8135333059634005,0.964318794691659,0.9234176640329058,0.9278322326942617,0.9949472867432498,0.998382188175117,0.8279557631662053,0.9712032732572219,0.9642309813823887,0.8646620705964605,0.983293057853031,0.9695370965554804,0.9061634844633017,0.9106103723109825,0.7047291874602298,21.749491780519204,4.070685614344408,0.8235349778548544,0.14962004979235266,3.2999960933353067,3.5476277726871346,0.6137927926113746,28.517179125309212,4.281045790702477,0.07614161224448882,9.831248062064363
iso,4.0,0.0,10.0,4,1,blend,obs,0.6013333333333334,0.8942165533217213,0.9893791934277512,0.9992655642076254,0.7132430269527754,0.9227665100069653,0.850761246335476,0.8567869710540431,0.9784032167429594,0.95692831953939,0.7845669061304702,0.95441085552297,0.8929402481259865,0.7903813966071896,0.9563211374769398,0.9067407988860945,0.9389490912193655,0.9964860110058721,0.9995108431129145,0.7976047286654971,0.960842200184369,0.9484356444363565,0.8544089202794733,0.9813888454972594,0.9578985356773259,0.9072462969478092,0.9092250859083197,0.12371044506221512,111.7133054369525,3.9549855258319457,0.8249961531045837,0.1487984937097386,3.4047303928623744,3.6081311763843713,0.1572797137704341,96.77195523043159,3.8807657610720936,0.07719366548627694,9.771638115341613
iso,4.0,0.0,10.0,5,1,blend,obs,0.6063333333333333,0.8923720092895988,0.9888774458695151,0.9977276112803117,0.7268620173508902,0.9300249951883434,0.8567329485459545,0.8834216637090271,0.9852896984419492,0.9664502973395066,0.8020826430794453,0.9614865524659073,0.9008155266936348,0.8103227125244118,0.9639933225123734,0.9160383516770948,0.9364873897828916,0.9961880099703886,0.9992697426873032,0.8108275074258193,0.965472932023054,0.951428800369774,0.8572307242672963,0.9817305052446166,0.9578386000373761,0.896769845453944,0.9026028069827537,0.7345057927731412,12.189781547547454,4.467395930996216,0.8175933869555482,0.15139329595915244,3.2909312089064304,3.49861468482619,0.7359229476521029,13.70566485833696,4.4834372225490515,0.10598292655626151,9.721234070021778
iso,4.0,0.0,10.0,6,1,blend,obs,0.615,0.8790373090711071,0.9858343403321693,0.995559512693782,0.7214317268074452,0.9273959381087734,0.8489314328534987,0.8778786317241433,0.9842446645873109,0.9693075482067033,0.7972146928241028,0.9596743312062878,0.8996660458998353,0.805779209513584,0.9624891616984204,0.9140466247479673,0.9224013115318273,0.9942394634870315,0.9982038268228781,0.8055888141373652,0.9633008718451788,0.9452758728215136,0.8431660690555887,0.9775413559058727,0.9460023292966878,0.8965871115106938,0.9080355558800648,0.5678580882452607,31.140032191301742,4.1148067364908,0.8320817935452083,0.14376694191016703,3.4650399440773603,3.663910830446818,0.6242416494734369,22.319316471918476,4.245926220724533,0.08616280112809548,9.821981125977505
iso,4.0,0.0,10.0,7,1,blend,obs,0.6006666666666667,0.8797116299561887,0.9860139454959841,0.9960795782182,0.6903373195377589,0.9106082726057474,0.82581298436575,0.8245734396796349,0.9682939003382414,0.9360888915481493,0.7688572678262744,0.9474037459155169,0.8751864635196193,0.7779777347681204,0.9508119553425871,0.8922887947179433,0.9252295972889452,0.9946640918728632,0.9981364875071224,0.7861591393639676,0.9557351036949907,0.935062025627946,0.8411278833637272,0.9769547774039149,0.94448685989993,0.9229397290777791,0.8975521689136305,0.5710124408033218,27.715968405371733,4.409082684381558,0.8526192377603072,0.13904448448975493,3.9644638841028477,4.2181290923464125,0.5968278933636227,27.587675170687497,4.595542596755708,0.0423094838898344,9.780606391526602
toward_HQ,0.0,1.0,10.0,0,1,blend,obs,0.6006666666666667,0.7855213404371689,0.9604446513415364,0.8572917391740482,0.9745676435997241,0.9994918167968668,0.9984849984777698,0.9758214582375306,0.999541146269307,0.9986154394972655,0.8394570362209265,0.9787737947204409,0.9258398151377142,0.8577668840845813,0.9836264151299181,0.9422599496542129,0.8320077532341559,0.9764835239848841,0.9180071391752352,0.9022355359678015,0.99057087157027,0.9930046132402968,0.8062559039508921,0.9678439062253951,0.8932553239879213,0.8364895735067034,0.8362981045940554,0.7195386579428668,7.645349444803513,6.836021037311804,0.804009271834856,0.17406197598912385,-2.129017145195925,-2.085288845927984,0.8142180714024893,4.834431141368786,5.258229448013129,0.6551222687522709,9.915105983847194
toward_HQ,0.0,1.0,10.0,1,1,blend,obs,0.607,0.7864859104853783,0.9607028523899682,0.8584862880259305,0.9904062772939096,0.999891302842697,0.9996017122489097,0.9903775161665879,0.9998903685116189,0.9995989908338627,0.8353254984869252,0.97710895002577,0.9206807708996193,0.8536371508001133,0.9822902350680313,0.9380838330747453,0.8323725433005766,0.9763030257944417,0.9181845295113041,0.902973217830275,0.990627527875586,0.9910579618079116,0.7901818956970549,0.9619544384462694,0.8780064860065558,0.8361480341495352,0.8360379821470978,0.6611847316684467,12.454986045459089,6.347661573486931,0.8077932554836865,0.17198848043177242,-2.2759398978317593,-2.167361776749302,0.7934651463702349,7.500859795801033,5.1136700671961055,0.6371537291675469,9.894705982675552
toward_HQ,0.0,1.0,10.0,2,1,blend,obs,0.604,0.7738396201562758,0.9560055208285598,0.843152871929688,0.9853167405714123,0.99977303428716,0.9994712917865792,0.9852064612444665,0.9997696733690453,0.9994410171934182,0.8449879258051375,0.9798918752594168,0.9331669691796943,0.8576245175391666,0.9832964040943528,0.9434146050521979,0.8218171240479207,0.9730471277990823,0.9102206629091293,0.9183405803645697,0.9935441597863107,0.9924546464046738,0.7847711922587354,0.9597337097354446,0.8772185290964124,0.8428064916743228,0.8434080643265652,0.5661155299337355,15.938609849095121,5.951189479053966,0.8134453437985447,0.1685437134574368,-2.035082656759836,-1.9718121092321819,0.7324870464652247,9.157536614403222,5.146933896390451,0.6462401283433913,9.9147857235151
toward_HQ,0.0,1.0,10.0,3,1,blend,obs,0.597,0.797269238662265,0.9638568637044522,0.8802408768509725,0.9740694035081978,0.9994223458195243,0.9980590558327623,0.9750002175514846,0.9994604888049508,0.9981710183525788,0.8529476559363071,0.9815754624049682,0.9405505049375351,0.8701926522346523,0.985934115402901,0.953222556079775,0.8467287464631095,0.9796392412711414,0.9350712027889384,0.9178150764492372,0.9932425190014246,0.996606573496409,0.7988968763621251,0.9643171215276028,0.8980091409307142,0.8362317789405992,0.8356654963172019,0.6439494807959982,15.240464570954117,6.34172859778911,0.8060489008778845,0.17385178676078597,-1.899940748028439,-1.8788435257641805,0.7758806699294511,8.47626250032299,5.209460241876413,0.6556030534382139,9.937916225423677
toward_HQ,0.0,1.0,10.0,4,1,blend,obs,0.5966666666666667,0.7824309288131521,0.9589465165196069,0.8511252800221925,0.9799691663835572,0.9996550374853792,0.9989962403620662,0.9802564545578607,0.9996655864496098,0.999027114448255,0.826020162538766,0.9744287991210079,0.9100778467622992,0.8434614353103048,0.9796114491954742,0.9281903577669665,0.828993765609642,0.9751864297319768,0.9141731102093953,0.9041496958804199,0.9907959735839124,0.9927342504056691,0.7933010812149623,0.9630892263820376,0.880988796522934,0.8150971620329731,0.8148927352166132,0.503917831256437,19.08355794009409,7.998661061060287,0.8227328131492683,0.16630886769581862,-2.135440985674554,-2.113932943274078,0.6807340389552924,11.047216451216013,6.526690266787848,0.6385941981595727,9.913419676922683
toward_HQ,0.0,1.0,10.0,5,1,blend,obs,0.5986666666666667,0.7923693559581181,0.9627986674558189,0.8681889055095695,0.9825681429631145,0.999746873982769,0.99918791110797,0.9826282140346403,0.9997493890452662,0.9991931922523586,0.831493704952774,0.9757197981889523,0.9166481411808843,0.851841548551329,0.9816260008263304,0.9364848824156531,0.8367704014442345,0.9775858263164018,0.9230152861047501,0.9132964069038034,0.9925756959363767,0.9937752695525078,0.7900809829746376,0.9616283956077678,0.8770180662009516,0.820866872340685,0.8208296799629106,0.6609504445086719,8.780826069227645,7.403815261938792,0.8133465193971099,0.1702550350588839,-2.194700582247762,-2.186401978532136,0.7734623434582482,5.757089236232033,5.859579123363038,0.6434148182625545,9.92139934069197
toward_HQ,0.0,1.0,10.0,6,1,blend,obs,0.6106666666666667,0.782434645938423,0.9589266091216918,0.8542056887306968,0.9823300249842519,0.9996872495199879,0.9991488025506859,0.9829500788490968,0.99970654955868,0.9991712001947631,0.8369234536376253,0.977444648482129,0.9233183952403634,0.8547715662451684,0.9824125261076779,0.9398710067797124,0.8295976884580569,0.9751354737541802,0.9166576614851021,0.9149431874549221,0.9928834715319267,0.9919889892842124,0.7851945186049252,0.9596688667364027,0.8733058759818453,0.8317341538639949,0.8316757321919054,0.7020401637026941,10.73261824823894,6.308650723135434,0.818327011799366,0.1677419250997832,-2.3191667331296046,-2.227077294586462,0.7939962240993786,7.055352943400441,5.066960782715814,0.6395406240549981,9.925377332971014
toward_HQ,0.0,1.0,10.0,7,1,blend,obs,0.5916666666666667,0.7766896014820053,0.9573540460958808,0.8403299257848529,0.9857107197228532,0.9998146183047919,0.9996851053695642,0.9855005026953333,0.9998092029619053,0.9996856305997343,0.8221902988397303,0.9742031234090773,0.9090366825995052,0.8368299863747066,0.9786329965462373,0.9239260900619334,0.820311726129887,0.9732549234038134,0.9041373994823646,0.8914328714426965,0.9884259374898358,0.9894837600974313,0.7915076831171775,0.9629739850187122,0.8745506510501205,0.8233873015110134,0.8238925888646571,0.25420406719955074,60.8351812536273,7.515695082619858,0.8131387180224202,0.17088524954316714,-1.9894911993474433,-1.9418885152207936,0.56164493909258,26.36392065254459,6.361638452815086,0.6392647274480605,9.93488510938585
toward_HQ,1.0,1.0,10.0,0,1,blend,obs,0.602,0.7818712220601266,0.9610624692409376,0.8604522598447548,0.8616424943736767,0.9828022915005776,0.9533261150112837,0.952936385433316,0.997916641396699,0.9951914390173495,0.7965640664523641,0.9661744940653568,0.8843711677977981,0.816504856764269,0.9717844097599161,0.9106465989537568,0.8139065131990068,0.9711202691107433,0.9037158295368627,0.8152049425916004,0.9671472932309965,0.9593264436918949,0.7755667054799568,0.9577886401990615,0.8461448610235041,0.8098024100254458,0.9050112674864637,0.9121582386568734,3.975089315751122,3.9821995963297643,0.6691442168390865,0.2168071365107618,-0.7540038074048281,-0.6369717534228323,0.9694222224185787,2.2977481868144944,2.7655129686826614,0.7009996699757477,9.951811280416281
toward_HQ,1.0,1.0,10.0,1,1,blend,obs,0.596,0.7775461990723069,0.9592235986713369,0.8530791334282651,0.8535237546379304,0.9813694213896573,0.9473165223626675,0.9669851185698557,0.9988904878474958,0.9975414661710895,0.792120752537628,0.9647203375816743,0.8787906688919688,0.814250219238797,0.971266612503298,0.9074083485694918,0.812379651364561,0.9705803871881743,0.8992502856190685,0.8173630207693245,0.9682655399386704,0.959490551830468,0.7516881649967955,0.9476253682107156,0.8063192014046772,0.8122731943230235,0.9088684065682291,0.8975122254710184,5.698594491534143,4.152588324132452,0.6644747528444119,0.21852336236698436,-0.6773639864584138,-0.5400900813703373,0.9654920421140893,2.854590294350119,3.018989812656506,0.66871224862031,9.927976017165292
toward_HQ,1.0,1.0,10.0,2,1,blend,obs,0.6066666666666667,0.7758876485328283,0.9584837860300819,0.8493480486609525,0.8645962469483989,0.9841366048922603,0.9513984658288837,0.9887882836835458,0.9998588592588381,0.9996033060175087,0.7928808184527808,0.9651146352200579,0.8769808238145536,0.8156024238497267,0.9717898455546429,0.9048763709288142,0.8114413285309152,0.9703107446564063,0.8963980103297108,0.8306096750482711,0.9724505396749836,0.9597267236140373,0.7637424753409603,0.9521374655045076,0.8266949551167125,0.7968798389702557,0.9040311198973409,0.6663625178274446,27.354567079932778,4.120163814938536,0.6769724343453156,0.21419065021466674,-0.727060594000441,-0.6323942275077683,0.9570044679112357,3.6568357698484455,2.987858363425581,0.6822139039130227,9.957343414498594
toward_HQ,1.0,1.0,10.0,3,1,blend,obs,0.5996666666666667,0.803878752717961,0.9685319443358067,0.8868676068327315,0.8862253821046956,0.9885764960951698,0.9671985557780435,0.9770803376940421,0.9995358507274683,0.9993012968858549,0.8145246036001108,0.9721944842610517,0.9032307431565946,0.8360000919519268,0.9777976360035544,0.9270752198000626,0.8375235264909247,0.9781325474496325,0.9247857238632747,0.8356828659360318,0.9738624809212527,0.9719826607035849,0.7789552431662694,0.9584978806330365,0.8536889645921253,0.7997940461387458,0.904264295235686,0.8354628612475621,9.074843847947296,4.105097040531594,0.6757348309427154,0.21605321488783844,-0.6776808682574845,-0.5830001884390873,0.9499662520589576,4.505763493307339,2.979432516439393,0.691869384862689,9.956750219979583
toward_HQ,1.0,1.0,10.0,4,1,blend,obs,0.598,0.784578114798092,0.9619976576218019,0.8627534682258658,0.8711932788785307,0.9855844280539828,0.9586981270360155,0.9924415102578563,0.9999415422400906,0.9999347188834149,0.7988163873729972,0.967174985989688,0.8864847735866315,0.8179384080914196,0.9726053592578869,0.9105958645724807,0.8173223435675361,0.9723613111796916,0.9052438050106907,0.8258719013451767,0.9710579447883849,0.9643504573132619,0.7688014816817721,0.9549056934937803,0.835753507574516,0.794496199958928,0.9016336201774989,0.86581123619732,6.88648522651948,3.9891753916299644,0.6872415144640972,0.2140132525606052,-0.8571854981955523,-0.7483809169722971,0.9479145447511831,3.506937520703772,3.074589473211618,0.6749035658116507,9.9435827342259
toward_HQ,1.0,1.0,10.0,5,1,blend,obs,0.5976666666666667,0.7890068532579498,0.9637141247812452,0.869341482926556,0.8749877409873955,0.9865451042717538,0.9597141225080896,0.9920101463814899,0.9999377401149496,0.9999655912272405,0.8010423958197419,0.9679813387564462,0.888539887898363,0.8220792308822273,0.9739394448225078,0.9150290650198905,0.8196764699277184,0.9731748773960136,0.908762875131865,0.8273496136951678,0.971562547490052,0.964043496824474,0.7681193906333549,0.9552152766831054,0.836051648839171,0.7958593747211162,0.9044451082290621,0.9078782104033026,5.540803882010719,3.9128029977283245,0.6734426109823205,0.2175155289158728,-0.8548077912784418,-0.7643270116260826,0.9626035182561279,3.2003800374094657,2.826008790424758,0.6898203301050572,9.942885125358192
toward_HQ,1.0,1.0,10.0,6,1,blend,obs,0.6103333333333333,0.7806900175159017,0.9608064503199639,0.8572897636648785,0.8721860789603568,0.9862811496318946,0.9567216373994394,0.9905319328404967,0.9998923335623562,0.9996168412124032,0.7998977952883659,0.9675991931241388,0.887209910992895,0.8201860771418135,0.9735043276175442,0.9118274218563307,0.8153417934365802,0.972111784824588,0.9025610539623238,0.8332773106359094,0.9738383673284281,0.9620667960172242,0.7702256054582193,0.9557937984806838,0.8398049408001308,0.795327942016355,0.9112144251772025,0.9156497198659469,4.762569285196416,3.495326150361487,0.6719016519508382,0.2148444468960237,-0.8711407249863132,-0.7415167929960992,0.9642912352388293,2.9659979055939334,2.8297570802513223,0.6901327058222684,9.949493345425285
toward_HQ,1.0,1.0,10.0,7,1,blend,obs,0.6033333333333334,0.7699202393846724,0.9568045251519185,0.845652222599071,0.8501112400309618,0.9801122755880108,0.9445647270677601,0.9594249034537108,0.9982293893805226,0.9960754133898932,0.7754439404942528,0.9586880878119721,0.8587021948341594,0.7962664030190705,0.9654916219287746,0.889548757060793,0.7993215371976642,0.9666076581711953,0.8895587357960165,0.8051729938795554,0.9637665286509622,0.9520239044430144,0.7681013028285866,0.954940961675546,0.8350083525526651,0.7972698196997354,0.8938973650557261,0.7296066250298813,13.866851384639602,4.645605175635105,0.6883882724360463,0.21270628931771413,-0.7315426808469625,-0.6382930772983703,0.9276420212233402,5.01353086773457,3.2074524388298835,0.698003734439585,9.954291599826151
toward_HQ,2.0,1.0,10.0,0,1,blend,obs,0.6,0.765836729590414,0.9524172220945653,0.8453645777524312,0.787255429824713,0.957724427490152,0.8998502183494667,0.9258383204673957,0.9940907077519977,0.9872593311940334,0.7630151365440592,0.9512494989049409,0.8532013204265806,0.7834852599024724,0.9575356796493488,0.8853740230563626,0.7916425297598486,0.960590509926144,0.8860942981712826,0.7612128399174546,0.9448355032267104,0.9273592103758095,0.7611188923231289,0.9509324702972874,0.8240654621915863,0.8024717227623258,0.9304346764982728,0.9488403051590187,3.2393965120048835,3.4193552366669864,0.6172099537037037,0.22757912787356663,-0.0026538743030765943,0.1730360985917763,0.9891530802721427,1.7972641142539647,2.470675081638171,0.7135840865111014,9.976264575864935
toward_HQ,2.0,1.0,10.0,1,1,blend,obs,0.5966666666666667,0.7610387007160218,0.9496580513065461,0.8339671252921557,0.774709313967503,0.9537361642278336,0.8920983371072839,0.9165347559214728,0.9926547389943703,0.9836681602324191,0.7624580690683319,0.9511571271279787,0.855203921033932,0.7832534065063006,0.9574972284140755,0.8865180102791107,0.7913267849914085,0.9603333190864044,0.8799383081711781,0.764736720850231,0.9471925580426606,0.9297524258190192,0.73300831649764,0.9377394553914448,0.7713041645375125,0.8206659302961864,0.9371483619507094,0.94360103315854,3.7012692780566803,3.441823791170109,0.6120051710605291,0.22628442342458338,0.07182992816736147,0.2638657658669446,0.9822453136626408,2.65060718256825,2.6739396035794583,0.6818140277776371,9.954966712663706
toward_HQ,2.0,1.0,10.0,2,1,blend,obs,0.6046666666666667,0.7585587845453088,0.9488891083746782,0.8272028744542833,0.7850717389353932,0.9578865674355319,0.8937483684701895,0.9481574736701485,0.997078283363042,0.9930975395462095,0.7640540964793512,0.9521270610067869,0.8517254726100071,0.7849474816427137,0.9586902510505396,0.8809617532964122,0.7880843163683705,0.9594712936076829,0.8730187203265,0.7723130661401155,0.9500040256118935,0.9263174499114589,0.7443182248472875,0.9423995382045889,0.7890738820226367,0.7948724113339348,0.9346491656871528,0.8095969039328583,18.883159286374664,3.4170505048682713,0.6257334745124579,0.22427978649993216,-0.0055320601044992705,0.16112391254612218,0.9821590706021294,2.3194571259952284,2.7369413868969206,0.6995905787220246,9.968645632717537
toward_HQ,2.0,1.0,10.0,3,1,blend,obs,0.5983333333333334,0.7866066019594966,0.9599441891631952,0.8659761446803206,0.8079316280937092,0.9655901910205178,0.9184700670199891,0.9534730804124556,0.997748250565146,0.9972544594026634,0.7833787476289588,0.9594404580035124,0.878686044243715,0.8038562293034155,0.9651022091689747,0.9053322204482857,0.8150113160654969,0.9685041724917288,0.905217527437542,0.7792615668025495,0.9527925705963637,0.9439341681716867,0.7620171202170055,0.9513044891548605,0.8217292223103208,0.7982348259278274,0.9342599518413224,0.8936119312437326,9.377020355421697,3.4324019902688465,0.6270671182052496,0.22516394537363416,-0.04981356726054215,0.1227647013475764,0.9743215155375171,4.319253228350241,2.7883725272098254,0.7093076419063529,9.979522094585684
toward_HQ,2.0,1.0,10.0,4,1,blend,obs,0.5976666666666667,0.7684641998961438,0.9534329864617563,0.8462931590233508,0.7827122833292421,0.9565694454015025,0.9029340586933561,0.9321270980146901,0.9950966505595682,0.9917775235825482,0.7665758133114247,0.9528864533153748,0.863968638202524,0.7835168353333406,0.9579611099767659,0.8894459739593159,0.7950537799848654,0.962176602553558,0.8876717093780276,0.7615393474286112,0.945748052370893,0.9334821107686248,0.7464649408973485,0.9442316895510545,0.7978052471880802,0.8060366579124436,0.9345097862888267,0.9338435044108617,4.321702219082525,3.5408956075827733,0.6283327734524993,0.2246257781045431,0.010568263330044564,0.17232389045770166,0.9789888602206237,2.562830226515312,2.952705288596517,0.6945950365005432,9.967239759074795
toward_HQ,2.0,1.0,10.0,5,1,blend,obs,0.6033333333333334,0.7724799630703149,0.9548827434653651,0.8518027548366874,0.7966249350121454,0.9623905313025133,0.907344971502306,0.9610693840620159,0.9983398675258328,0.9959690326622014,0.7757916688049251,0.9569186573565226,0.8688663060712205,0.7936210388097822,0.961724239681479,0.8960435850273797,0.7975967758395843,0.9628313670368844,0.8904858604171538,0.7702765654392856,0.9493822218809194,0.9329021335281309,0.7501435041021054,0.9469515828541732,0.8052583182205327,0.7983944055960892,0.9391690100506512,0.9512736642538695,4.396227808399074,3.2609657137441665,0.6107115000696411,0.2272475735171917,-0.12589877205139002,0.0034528238858569467,0.9864506183311369,2.4072232630279244,2.5509904323470707,0.7114474446220752,9.971595231105272
toward_HQ,2.0,1.0,10.0,6,1,blend,obs,0.6173333333333333,0.7696090112885265,0.9535850794042091,0.8429113095532972,0.7920989997538872,0.9604863812541056,0.9006596288161807,0.9484827776734923,0.9970901436344174,0.9931526605973667,0.7755275707951506,0.9561852127309863,0.8684601019204007,0.7939481300520206,0.9616959789839081,0.8934847159703498,0.7979666996848569,0.9631231862351992,0.8849257049201785,0.7773183731930399,0.9521144979581502,0.9318241420818985,0.7536956320987199,0.9473899867793347,0.8066673888780288,0.8042995793000256,0.9487892705074323,0.9522695479885486,5.63926523821267,2.897257667153361,0.593747648271762,0.22357311729052148,0.030606451161447147,0.21988542062166572,0.985527268352366,2.9387575811590985,2.4030011417338795,0.7076978621304865,9.978257275511
toward_HQ,2.0,1.0,10.0,7,1,blend,obs,0.6053333333333333,0.7522485039656621,0.9466290732832089,0.8275731303738281,0.7740182950418174,0.9532281616190881,0.888634364768567,0.9322029658069678,0.9950127844368072,0.9870520121074039,0.7502232345784997,0.9461018213497802,0.8380807963227551,0.7695352677053807,0.9524903810377509,0.8714577398379634,0.7768489931192794,0.9550938652000577,0.8701707694940789,0.7517825342528339,0.9410218425590754,0.9188769306602032,0.7478236168066821,0.9446129545065451,0.8011108374424242,0.7940613817783417,0.9266923855004496,0.8779813858467941,8.135030590917959,4.001152135441704,0.6286274314650554,0.22373372281829168,-0.04510718234017214,0.10697681796273342,0.9781658019426304,3.3658699045062246,2.6705172654296043,0.7082022319499651,9.969446928689996
toward_HQ,3.0,1.0,10.0,0,1,blend,obs,0.603,0.7548933365775697,0.9448307128623387,0.8330889555589601,0.7414519719977307,0.9367325700208131,0.8647008216080868,0.8868053627847106,0.9861937790887924,0.9679589706480353,0.7408954326947993,0.938734027745307,0.8365448598057955,0.7591117588555827,0.9445317789828536,0.8684693354843149,0.7783337836792381,0.9528563244351757,0.8740952577987218,0.7319451745177403,0.9303067801787767,0.9082253657652479,0.7473531940968277,0.9430632001336523,0.8004135802313439,0.818157101906201,0.943777269931135,0.9572624157141824,3.307026163818709,3.1396562575857843,0.5933899863496215,0.22835157945541923,0.5034245632731342,0.7628351799138415,0.9844072431284909,2.2811098153100677,2.5150974464999636,0.712525892641518,9.985355633014073
toward_HQ,3.0,1.0,10.0,1,1,blend,obs,0.5963333333333334,0.7466320959866617,0.9414555462821689,0.8167308952148147,0.7308199767075563,0.9329669225930087,0.8583997261535545,0.8732083280382181,0.9831335730526408,0.9607928366379914,0.7359466829801011,0.9377491092103875,0.8311578199189688,0.7545897888516023,0.9435835201521805,0.8648378493497282,0.7755112934876286,0.9526034174268201,0.8645167926323194,0.7364651030705942,0.9336291017521637,0.9113524127055778,0.7226775480302521,0.9321062066654044,0.7548251543178274,0.8322608699640489,0.9381942223413583,0.9482114837037932,3.8740508644937246,3.549855606827695,0.6009859777085307,0.2255624970438554,0.5506446526371778,0.797792028328459,0.9767007637720629,2.7518518850480995,2.7414736177626247,0.6976138699976124,9.967522794865953
toward_HQ,3.0,1.0,10.0,2,1,blend,obs,0.6073333333333333,0.7510630498664965,0.9423075215342365,0.8197993801137724,0.7414656368792716,0.9367643117403853,0.860295564453576,0.8942617582240795,0.9877084632705275,0.9710600977539504,0.7431691924191011,0.9399217273628205,0.83456127958803,0.7618147782425818,0.945944345157982,0.8645444387207232,0.7758682411092386,0.9516020699050622,0.8626192732309731,0.7421375340958526,0.9350638660579145,0.9075091032035489,0.7403824340811689,0.938469956713433,0.7800468005047558,0.8089300149886991,0.9413632661980986,0.8111891825463434,19.479816445137658,3.3733862206742375,0.6107199499048602,0.22483963369071053,0.49115910016745024,0.7288023129100184,0.9798833446096351,2.2845017009865938,2.6407374631999962,0.7028724977439897,9.970419640756667
toward_HQ,3.0,1.0,10.0,3,1,blend,obs,0.5943333333333334,0.7624046069647072,0.9477447688916801,0.8416773997611368,0.7454894206281577,0.9385925576425056,0.8762757868125832,0.8867437674870027,0.9863687892014142,0.9755539934371817,0.7455648181061578,0.9413573450541292,0.8510582475683148,0.7638002965924587,0.9469602548717695,0.8802610573102644,0.7865648785648287,0.9561571607359886,0.8838373353198907,0.7310241792334972,0.9303509346708847,0.9187254356510265,0.7436314136316337,0.9422188646281614,0.7910532913324215,0.8236325856287934,0.943221712879807,0.923835203337564,8.250626490888001,3.1734476109161993,0.6044847000637353,0.2274344682770729,0.4402053458770558,0.6535571965239981,0.9791080751669382,3.424433938746815,2.666460813698173,0.7122944431840764,9.988415244625
toward_HQ,3.0,1.0,10.0,4,1,blend,obs,0.5936666666666667,0.7544682416333135,0.9459604946981643,0.8308605838948506,0.7380527681961363,0.9360742157690665,0.8687595196669248,0.901311320130929,0.9896209385327742,0.9785098633185537,0.7409635252891579,0.9401998092180869,0.8412703527107549,0.7576491654356663,0.9454165823203092,0.8707799589862804,0.7798442161404437,0.9549117202660373,0.874027972413964,0.7328123924828686,0.931936386461893,0.9151769717805702,0.7342064513844762,0.9374042020503842,0.7768972627239565,0.809874857101424,0.9379690972983044,0.9434460147393041,3.6396946042676834,3.5994242783380845,0.609325534916692,0.2260296303585397,0.48304266033851745,0.6977682193751069,0.9776950128930397,2.3703823001182793,2.7948315487666013,0.7073072932514767,9.981727536902874
toward_HQ,3.0,1.0,10.0,5,1,blend,obs,0.6016666666666667,0.7550864874995882,0.9458521662739603,0.83138356265303,0.7455467558336333,0.9396464971143258,0.8689783870295196,0.8886794534725371,0.9867587714280831,0.9680614485076889,0.7478078287856358,0.9431702342250827,0.8448331555962402,0.7638410354343956,0.9477102820278803,0.8729722223019654,0.7785307095175054,0.9539082163698798,0.8724736036064221,0.7332278437039352,0.9315160353878501,0.9091940013117413,0.7353839281741006,0.9389486200740057,0.7797109120698333,0.8290378848091915,0.944305000512472,0.948114462433554,4.286050490121535,3.1218655991195186,0.5953256296433663,0.22735447173462112,0.5063840142398494,0.6978523872318378,0.9795752190117759,3.0036660875059904,2.5247857735359744,0.7257535143308668,9.987108062363742
toward_HQ,3.0,1.0,10.0,6,1,blend,obs,0.6143333333333333,0.756186146403593,0.9453221738986691,0.8268164276153148,0.7456683482085398,0.9397903871428176,0.865653995044991,0.9012676064144141,0.989489710840638,0.9766988285813027,0.750185069873832,0.9432357555181479,0.8493276872705691,0.7664333120618887,0.9483727122318326,0.8749368793856135,0.7825577618113292,0.955128901843986,0.8705404809158942,0.7434330906558908,0.9365364044157446,0.9112695899970831,0.743143444369583,0.9416794019681826,0.7886305331092442,0.8196395237700917,0.9573614986663295,0.9623902015838831,4.76243534685766,2.7843581695331903,0.5726840937537957,0.22467161519224418,0.5436274397498435,0.7885227085110437,0.9812331783982167,2.8558001946332507,2.4027292215867977,0.7092521292116147,9.984567462233704
toward_HQ,3.0,1.0,10.0,7,1,blend,obs,0.6016666666666667,0.7357608526503894,0.936661998235142,0.8107655617401361,0.7215200190961615,0.9278863843018467,0.8496374967860413,0.8741148530830418,0.9832436798607096,0.9631039177055036,0.7209737210696946,0.9300937038818211,0.8180100532808934,0.7391391456828342,0.9365346067969127,0.850926664428456,0.7584192424799592,0.9450845632806291,0.8547411212600097,0.7142289630822761,0.9220128594525525,0.8969479705692451,0.7324047839813068,0.9361937740609689,0.7765065178846459,0.8130499627960385,0.9394356647100098,0.891381872490011,7.314965111456604,3.489175289767681,0.6077970305636365,0.22505767504317692,0.529787886574057,0.7459736564598838,0.9751492298593445,3.508157905691171,2.729335159284399,0.7120793293379742,9.972420854054304
toward_HQ,4.0,1.0,10.0,0,1,blend,obs,0.6053333333333333,0.747157473025956,0.9397288332869828,0.8256791470552316,0.7133100643170126,0.9218419586366273,0.8433927254285128,0.8408991395793164,0.9732512944131324,0.9404076579088233,0.7215164066947459,0.9277603110663716,0.8217778646980234,0.7370570755909172,0.9329863330248149,0.8542100458075869,0.7695652373836852,0.9480464473401655,0.8673694835818206,0.7147611102481487,0.9210894258566035,0.8967599853974018,0.7369269645645433,0.9374324267266306,0.7824374290768146,0.842976909926145,0.9460965507260716,0.9534381553929948,3.930019911640562,3.176044515482308,0.5939576605101797,0.2265437518469319,0.916871536195873,1.2502008990363438,0.9765230373659368,2.8408834689761577,2.546729149176433,0.7146227899432073,9.987139939737308
toward_HQ,4.0,1.0,10.0,1,1,blend,obs,0.599,0.7413367273012114,0.9379902691046946,0.8124787515136871,0.7086969451584251,0.9210921041754973,0.844506288041792,0.8410005818861774,0.9737415836446568,0.9442270275623925,0.7190001678372967,0.9285775680280925,0.8200700895377275,0.7351359953058396,0.9334509090255362,0.8541108061860344,0.7695765697245324,0.9493239420347911,0.8606578541243578,0.7214207313989094,0.9259953561844004,0.9030153642442938,0.7193345226685071,0.9299029414657788,0.7498713576541367,0.8419746030761164,0.9396570585020478,0.9466498032427441,4.3228722722636945,3.4456151939073103,0.6038772943360389,0.2236737210534799,0.8887478994585029,1.1497180965085252,0.9736158085541982,2.9393893368393846,2.6750817237379536,0.7020243719229805,9.98129365805995
toward_HQ,4.0,1.0,10.0,2,1,blend,obs,0.601,0.737652724973872,0.9359018891473314,0.8015602919411625,0.7108968772851345,0.9217597764492446,0.8331694479757035,0.851343605078591,0.9766696211982112,0.9461029557018421,0.7191634229147672,0.9280739727866972,0.8102059621384903,0.7375558034282084,0.9344435759581781,0.8441238169117911,0.7645870002578371,0.9468326771637804,0.8495534566007,0.7230197085068295,0.9260122298537025,0.8929956852100307,0.7253113363983074,0.9310977965583019,0.7530758745149816,0.829604409263933,0.9402764425849214,0.6170204690430705,33.23799438961523,3.4872891934037877,0.6119583484501603,0.2246142996558194,0.8946051345641977,1.1922389804784195,0.9716701380869103,3.812518630138884,2.670388716447506,0.7052014837531317,9.97155493266545
toward_HQ,4.0,1.0,10.0,3,1,blend,obs,0.5993333333333334,0.7694323236460623,0.9494250364003527,0.849068541210899,0.7386707190749287,0.9346706789398886,0.8678180880842293,0.8754520701966486,0.983191817079291,0.9693473059107836,0.7432514704392366,0.9385614010364621,0.849433149646371,0.7581996035700965,0.9429558788745948,0.876732236259958,0.7927528055326276,0.9575419964029722,0.8888330294839218,0.7335146119714795,0.9309080266312061,0.9162874221101378,0.7505270746164987,0.9445115755229363,0.8007357174698612,0.8260657957617745,0.9520133134126006,0.937676961554232,7.600063429024425,3.0339190882560927,0.5942725694476576,0.22631852361671906,0.7367512706726163,1.0022994337363853,0.97686501376452,3.0199553047061802,2.60848121343326,0.7127851494433277,9.993609736085276
toward_HQ,4.0,1.0,10.0,4,1,blend,obs,0.6013333333333334,0.7512994647838734,0.9428057788385468,0.8288714530658191,0.7132430269527754,0.9227665100069653,0.850761246335476,0.8567869710540431,0.9784032167429594,0.95692831953939,0.7249910338502505,0.9305450334764259,0.830846338232855,0.7393100645650781,0.9351146585737005,0.8600524525371398,0.7747471863028833,0.9514656653684637,0.8708265890284277,0.7197857280061497,0.9250447396265089,0.9058878872648913,0.7298807715994331,0.9341918656612325,0.7694956622104102,0.8323266359801549,0.9437505849673784,0.9485981435090359,3.585698615038146,3.4352867493275108,0.6030050278459611,0.22371959738125494,0.8444487262253546,1.1097262554003133,0.9723159051799501,3.518855273524854,2.721819346093719,0.7055973600216673,9.989220528800749
toward_HQ,4.0,1.0,10.0,5,1,blend,obs,0.6063333333333333,0.751985112022784,0.9432233476471974,0.8288534578808932,0.7268620173508902,0.9300249951883434,0.8567329485459545,0.8834216637090271,0.9852896984419492,0.9664502973395066,0.7361878316257947,0.9366356605070912,0.8393417837695568,0.7514274084938913,0.9410240472254845,0.8667544370062897,0.7741782862087792,0.9511058191451831,0.86949446349043,0.7215436665456628,0.925445714619975,0.9022226531601488,0.7324956577244717,0.9367779243916045,0.7746664640726723,0.8168866165502315,0.9496296374173395,0.9548119771942476,4.135282656729959,2.9079406595977244,0.5915033196958067,0.22562139346882187,0.765307905337994,1.0037327365011839,0.9786928485043004,2.864729314737838,2.5193278746849015,0.7276543663888945,9.989606841513389
toward_HQ,4.0,1.0,10.0,6,1,blend,obs,0.615,0.7501373972038177,0.9413802707745018,0.8204915851045004,0.7214317268074452,0.9273959381087734,0.8489314328534987,0.8778786317241433,0.9842446645873109,0.9693075482067033,0.7342638746229588,0.9346636231556159,0.8391767691938238,0.7493164498779127,0.939654697422848,0.8649651092907851,0.7755466291964226,0.9513319950246475,0.8647031537223101,0.726200017530531,0.9279466596677477,0.9012113259362584,0.7368594254938972,0.937997680291144,0.7777756887905036,0.8245671010599179,0.9586391762981485,0.9638953770116178,4.2267588169580375,2.745722595586555,0.5786942596698694,0.22317021856160213,0.8670246506494302,1.1616340844485236,0.9758379469375006,3.577988321873077,2.509267897214929,0.7106823021541812,9.987599665965615
toward_HQ,4.0,1.0,10.0,7,1,blend,obs,0.6006666666666667,0.7263907514971982,0.9307421003244216,0.8022247402606579,0.6903373195377589,0.9106082726057474,0.82581298436575,0.8245734396796349,0.9682939003382414,0.9360888915481493,0.6977459674128901,0.9165553124529945,0.802622145327516,0.7144378780078353,0.9229194999140761,0.8351930854917133,0.7474433884263175,0.939079451335486,0.8459678191929327,0.6919425845707451,0.9096358234567792,0.8819860712446478,0.7240298606076542,0.9313093103895956,0.7645340879824205,0.8349187007115006,0.946488185853486,0.9088696270929807,6.776743779216313,3.242732367672057,0.6034956522061371,0.22434695024667956,0.9640195594688585,1.2472498730910573,0.9721304050390946,3.0399769557745064,2.6383592575905648,0.7151434881326681,9.981342455759853
away_HQ,0.0,1.0,10.0,0,1,blend,obs,0.6006666666666667,0.7902301916509801,0.9597508750161582,0.8538598298038729,0.9745676435997241,0.9994918167968668,0.9984849984777698,0.9758214582375306,0.999541146269307,0.9986154394972655,0.8441948546365478,0.9789738172453102,0.9260125851048185,0.8563886319802737,0.9822285648262724,0.9369556054371634,0.8251024148549078,0.9727515584138032,0.9023175721063214,0.8938828367401163,0.989914697178381,0.9941922936379505,0.8724867810971555,0.9853533668836647,0.9564388809874554,0.844672387314114,0.8443088129015801,0.4497816247943118,35.01105876781656,6.3859561882703515,0.7970952327130493,0.17453772653263092,1.8274972089090908,1.7658552899350957,0.6354582324040156,21.32574170599217,5.623531143231044,-0.6444773181125902,9.859709136144948
away_HQ,0.0,1.0,10.0,1,1,blend,obs,0.607,0.8026997714312814,0.9635599098801533,0.8705843811194276,0.9904062772939096,0.999891302842697,0.9996017122489097,0.9903775161665879,0.9998903685116189,0.9995989908338627,0.8548216156247015,0.981416891338326,0.9355200715225527,0.8662477880083677,0.9844145865486752,0.9450190637197786,0.8359262542197909,0.9754365837366707,0.9129334740454612,0.8985220089500515,0.9907998478364457,0.9942487739096145,0.876173978233284,0.9859199279729582,0.9595596985846,0.8537019339832967,0.8536636830184632,0.30658693178859275,50.42021234432263,5.896117509679418,0.7893269037741288,0.17745296895197,1.7679739930685598,1.6984994600786087,0.7641208843727871,9.766715599833722,5.0334520027476355,-0.6465195930044322,9.854317430079446
away_HQ,0.0,1.0,10.0,2,1,blend,obs,0.604,0.7983294436566148,0.962254269486502,0.864010726719062,0.9853167405714123,0.99977303428716,0.9994712917865792,0.9852064612444665,0.9997696733690453,0.9994410171934182,0.8451097342771287,0.9791633249443253,0.9268479238953178,0.8581891897852291,0.9826920322287638,0.9386688073943806,0.8302915420429782,0.973893463719506,0.9068462421710053,0.9061752553348187,0.9922499994771978,0.9936910984953936,0.872801948753224,0.9851176527275575,0.958348674718006,0.8547051624615856,0.8542276069051473,0.7055643620935087,11.549175576081646,6.093888764270227,0.7819853706305142,0.18094749230984797,1.7462695125311505,1.6901297828682664,0.7872395552325351,9.946018515308065,5.175688317597061,-0.6500479018287926,9.87677137048528
away_HQ,0.0,1.0,10.0,3,1,blend,obs,0.597,0.7832453726726252,0.9575581806155845,0.8430239001670725,0.9740694035081978,0.9994223458195243,0.9980590558327623,0.9750002175514846,0.9994604888049508,0.9981710183525788,0.8259982936129426,0.973798983572934,0.9058137055016059,0.8414860802767938,0.9784147023565699,0.9230573820542257,0.8161544654721841,0.9702218048579987,0.8920845408762315,0.8849703899421246,0.9886693510191246,0.9880802253555568,0.8663351738060335,0.9840668184893528,0.9512094393691398,0.8497308583716741,0.8507266279499993,0.5581142648520309,21.501220973050746,6.374034807858251,0.7813409940983291,0.18194306194873033,1.7400751451251393,1.669613528775447,0.7477566231564845,12.590691156804507,5.171220923308601,-0.6189118138155058,9.874438654968406
away_HQ,0.0,1.0,10.0,4,1,blend,obs,0.5966666666666667,0.8024491570833099,0.9641587669917286,0.8721879273180968,0.9799691663835572,0.9996550374853792,0.9989962403620662,0.9802564545578607,0.9996655864496098,0.999027114448255,0.8566797523799297,0.982453532593455,0.9377565583058934,0.8648660838628703,0.98442852012562,0.9453648801039065,0.8373759306015044,0.9762681883374319,0.9157044109886904,0.8882149177327358,0.9887971477259396,0.994090237169785,0.8743919671659364,0.9856144803733241,0.9583711153224886,0.8665781958705822,0.8667346503191127,0.797246570884146,6.358295353488497,5.157324581861924,0.7661071609954291,0.1874905641387712,1.554518036393809,1.4640527414776614,0.8432584382637127,5.341595009195498,4.920666556703827,-0.6373478844063868,9.827748066165016
away_HQ,0.0,1.0,10.0,5,1,blend,obs,0.5986666666666667,0.8021506963902096,0.9636341137823308,0.8703144546644718,0.9825681429631145,0.999746873982769,0.99918791110797,0.9826282140346403,0.9997493890452662,0.9991931922523586,0.8567740079490667,0.9824605900017129,0.9379594872035839,0.866599930359643,0.9849111731006653,0.9467473219089945,0.8346685841510659,0.9752293949052923,0.911882834492934,0.8946007171944577,0.990290637008396,0.9923032339660504,0.882067016219626,0.987582868605794,0.9617460103338181,0.871173786063105,0.8713923105983029,0.7615642971752674,9.356622470795218,4.979388442132119,0.7611069541765015,0.18933301515928516,1.550459502956646,1.500666500477633,0.8293256405598435,6.706531810467556,4.324932763670088,-0.6036027337512687,9.83751828961943
away_HQ,0.0,1.0,10.0,6,1,blend,obs,0.6106666666666667,0.8030517941025446,0.9632542978055981,0.8715285275625664,0.9823300249842519,0.9996872495199879,0.9991488025506859,0.9829500788490968,0.99970654955868,0.9991712001947631,0.8659042678588906,0.9841043724997985,0.9447984226252342,0.8745585260756978,0.9862083608804851,0.9515142988306742,0.8381906452108696,0.9755105401721398,0.9147593216746949,0.9024189617265883,0.9917303095721054,0.99210377330052,0.874691841828189,0.9853010484201865,0.9610813511633683,0.8767507621065892,0.8775084848484835,0.7500542724796487,15.225590577706484,4.785532072196973,0.7603742167404439,0.18697380417462706,1.496333076043447,1.4092568762092763,0.8351982621118151,9.943356351950213,4.302813781566098,-0.6250854569984704,9.830451887470913
away_HQ,0.0,1.0,10.0,7,1,blend,obs,0.5916666666666667,0.7970145412783393,0.961824752748528,0.8641079789903858,0.9857107197228532,0.9998146183047919,0.9996851053695642,0.9855005026953333,0.9998092029619053,0.9996856305997343,0.8541441164204668,0.9813802883612789,0.9345306554093351,0.870704349090341,0.9856313299183166,0.9493257045659268,0.8333122540449334,0.9749032796875092,0.9111051776237662,0.896262288330382,0.9902503331165963,0.9958795667420933,0.8734176535726236,0.9851078701736393,0.9606811355577372,0.8454196368452623,0.8451449208875981,0.679256540350155,13.169140008503561,6.615229834559132,0.7868362173038228,0.18033749220631312,1.7772891030358107,1.6917052697869315,0.7478529273254735,10.776959401215192,5.132071998737292,-0.6455600642855224,9.882781886277975
away_HQ,1.0,1.0,10.0,0,1,blend,obs,0.602,0.7753710229193235,0.9502195564327148,0.8274501379431917,0.8616424943736767,0.9828022915005776,0.9533261150112837,0.952936385433316,0.997916641396699,0.9951914390173495,0.9472328254184702,0.9974125409181168,0.9934698577018278,0.9507538557656828,0.9978858742209485,0.9933614219185145,0.820468955407973,0.9675476588014833,0.892856294982977,0.9279072827786093,0.9948355816380998,0.998159064599566,0.8762014352020197,0.9853251923900702,0.9679606534430858,0.929136036966019,0.8297237160349753,0.08133722768183535,136.49468600548133,8.203222481432753,0.9160417721683353,0.11075598280519561,3.5646153637171385,3.4998770607675707,0.08660587117739835,131.07394575178938,9.173748037837761,-0.6025752823229238,9.781544166985439
away_HQ,1.0,1.0,10.0,1,1,blend,obs,0.596,0.7815998756193422,0.9522387817671475,0.8385777718841786,0.8535237546379304,0.9813694213896573,0.9473165223626675,0.9669851185698557,0.9988904878474958,0.9975414661710895,0.952775253583388,0.997759241687233,0.9967518134604005,0.9633507250348846,0.9985497231887038,0.9963235689965416,0.8250195006883526,0.9684516692104557,0.8971618901910391,0.9199895717253872,0.9932975929983997,0.9941246670275682,0.8710614744985727,0.98404645145844,0.9672668474711199,0.9226411346834034,0.8227985828463732,0.06348675674105492,111.10405210475858,9.293897161682445,0.9171664230181409,0.11060079718823677,3.500711878906277,3.404995281415234,0.07679081869455451,111.78786468922544,8.514611516830259,-0.597709431343576,9.785740687415101
away_HQ,1.0,1.0,10.0,2,1,blend,obs,0.6066666666666667,0.7821250324320607,0.9526598445555633,0.8424142499278668,0.8645962469483989,0.9841366048922603,0.9513984658288837,0.9887882836835458,0.9998588592588381,0.9996033060175087,0.9473446131038622,0.9972105104986411,0.9943030243729446,0.9476506977735815,0.9971789137674866,0.99179447040784,0.8244977408099716,0.9684385852654265,0.8994551649397643,0.9434014154172877,0.9966911497987545,0.9974447628714196,0.8702394052075543,0.9837862104005243,0.9697815896815306,0.9385321880060755,0.8247600148550887,0.36931262474487364,34.65653525257397,8.29122181162225,0.9121484447755634,0.11471953943860744,3.5794458830481872,3.4775684210463793,0.44229722081900863,22.967569188147646,8.503746826280217,-0.6005237573331602,9.813656227602678
away_HQ,1.0,1.0,10.0,3,1,blend,obs,0.5996666666666667,0.7755765712960463,0.9500454073481556,0.8193786974387226,0.8862253821046956,0.9885764960951698,0.9671985557780435,0.9770803376940421,0.9995358507274683,0.9993012968858549,0.9210642688530717,0.9942232267754971,0.9816434159532827,0.9200235645980148,0.9941117816921886,0.9798470959999612,0.816169614750912,0.9659386663572365,0.8809278231935355,0.9272272599397257,0.9947500396185385,0.9962108693234323,0.868286036406651,0.9834541419162055,0.96147561126505,0.9246313032617186,0.81419626489921,0.3991473466486052,29.154425665739506,9.393416246365446,0.9120475386686747,0.11448141907914294,3.580104532353525,3.4564405621251124,0.3972412020351033,30.713736363859674,9.450807309667582,-0.5860986886379381,9.813219855874973
away_HQ,1.0,1.0,10.0,4,1,blend,obs,0.598,0.7874621684774118,0.9548918299146597,0.8503982818838475,0.8711932788785307,0.9855844280539828,0.9586981270360155,0.9924415102578563,0.9999415422400906,0.9999347188834149,0.9265077689534258,0.9947110024694851,0.9876314480080226,0.9306089858180081,0.9951657772139113,0.9859585923266732,0.8320479558599437,0.9709551095022865,0.9062139697067189,0.920312292813071,0.9933465644589641,0.9950578489371229,0.876984136717643,0.9855003364435397,0.9692104988241069,0.9238187446100338,0.8091117935224983,0.38910767257988893,21.9802135819063,10.27396312779631,0.902524954195947,0.12059880690481828,3.267217888996257,3.1466914985377983,0.4004675281544186,23.11471768052887,10.586173119251454,-0.5934301492020476,9.760496792020124
away_HQ,1.0,1.0,10.0,5,1,blend,obs,0.5976666666666667,0.779847594771425,0.9515523307814737,0.8339079401757742,0.8749877409873955,0.9865451042717538,0.9597141225080896,0.9920101463814899,0.9999377401149496,0.9999655912272405,0.9352313480927212,0.9959446670657041,0.9894650330606881,0.937089311637627,0.996111390092136,0.9875067551684483,0.8230818763002472,0.9678596137741221,0.8937642745447377,0.929867577029218,0.9947968747754417,0.9951570005271446,0.87575825467987,0.9851957468936468,0.9691010433593384,0.9326655913734035,0.8190570234247975,0.3925032388768748,32.47710507076102,8.603420731889866,0.9026726878115252,0.12222053930844079,3.4421330310280482,3.328317853916369,0.38665157892828916,33.45908303840767,8.90056376576837,-0.580933910093192,9.778734537960938
away_HQ,1.0,1.0,10.0,6,1,blend,obs,0.6103333333333333,0.7807301032336063,0.9517695590656577,0.8388799449481563,0.8721860789603568,0.9862811496318946,0.9567216373994394,0.9905319328404967,0.9998923335623562,0.9996168412124032,0.9345038446134855,0.9954819612941774,0.989168526719732,0.9356072516883527,0.995634540811206,0.9870883993912616,0.8249883044478612,0.968380947837487,0.8996518327104501,0.9352965603278699,0.9955025764607114,0.9943722659807163,0.8698241419739293,0.9837465563235295,0.9690943004224786,0.9394064403413939,0.8222712794491684,0.3772269371966464,36.10575179313875,8.147837458360119,0.903845192504902,0.12054993891401103,3.5681902083611425,3.429378132063234,0.4308322185350886,32.78504803609747,8.00088767807296,-0.5917477286925845,9.792366741989703
away_HQ,1.0,1.0,10.0,7,1,blend,obs,0.6033333333333334,0.7853665796036957,0.9538817571702002,0.8472585252674709,0.8501112400309618,0.9801122755880108,0.9445647270677601,0.9594249034537108,0.9982293893805226,0.9960754133898932,0.9680700354079853,0.9989713965737147,0.9990072005268683,0.9792904465703949,0.9995837593771083,0.9992259692678561,0.8313637637017045,0.9706873422778258,0.9070763967519494,0.9245956130501228,0.9941971777189205,0.995627550833706,0.8677614835318634,0.9831868118473747,0.970394088606959,0.9341889629212691,0.8349287032472066,0.23745169100333405,45.50441776519062,7.223524449480902,0.9137787269603974,0.11304089642753204,3.6459156262739936,3.529862611723961,0.22863771076814718,48.89014723296943,7.156443151660097,-0.6023956001488396,9.821220194579325
away_HQ,2.0,1.0,10.0,0,1,blend,obs,0.6,0.7633221265453349,0.9445019057474503,0.8086360508673837,0.787255429824713,0.957724427490152,0.8998502183494667,0.9258383204673957,0.9940907077519977,0.9872593311940334,0.9208029127025337,0.9938422122890388,0.9797463591192667,0.9290868521041764,0.9950279347644455,0.9849314045471098,0.8110302416894724,0.9637057893482965,0.8841869849955551,0.9297953161945688,0.9951108029539246,0.996742381980932,0.8728773392034774,0.9844251412074841,0.9696933880624862,0.9533674457392659,0.8560708509772708,0.0485034949977384,178.54187378547613,7.209863674577008,0.9601576388888889,0.07331262878050823,5.224474740004493,5.0680330548795895,0.037347142407813026,202.92982052610023,7.289930802618509,-0.5930532170041747,9.757121291723921
away_HQ,2.0,1.0,10.0,1,1,blend,obs,0.5966666666666667,0.7713368739698832,0.9472197703111057,0.8199084265752826,0.774709313967503,0.9537361642278336,0.8920983371072839,0.9165347559214728,0.9926547389943703,0.9836681602324191,0.9014782852126271,0.9911163683709783,0.9719916703688495,0.9149537046822864,0.9934018474325768,0.9803835477515351,0.8165161276682283,0.9649113061357929,0.8867641865421035,0.9157589624418414,0.9927816271831542,0.9914391332803273,0.8702426801310729,0.9838826260101763,0.9701912240264949,0.959631695802205,0.8651613020605375,0.21493662419645349,42.11355042385176,6.401350001657702,0.9619728519322223,0.07265834288880178,5.226147910190286,5.0912475360326255,0.16074956319308908,56.580568274463616,7.385455449277585,-0.5845358937442551,9.747478134256763
away_HQ,2.0,1.0,10.0,2,1,blend,obs,0.6046666666666667,0.7711167888465674,0.947532996842702,0.826664462982095,0.7850717389353932,0.9578865674355319,0.8937483684701895,0.9481574736701485,0.997078283363042,0.9930975395462095,0.9350520297691989,0.9963554588007255,0.9875979225882594,0.9419971752460883,0.9970174660173278,0.9903759168754592,0.8162758941474626,0.9651574187359889,0.8931214411671107,0.9353784665440414,0.9958582185792196,0.9947579247952582,0.8682779508222436,0.9833449895102524,0.9736927038525661,0.9637234683680412,0.8457798132220407,0.0781459128049917,138.41200087732176,8.046251415440969,0.9578830847204896,0.07730229741808983,5.345441844564034,5.129024814679304,0.06900892350409549,147.79760643453758,7.810797303289578,-0.5803648445244228,9.789345746279515
away_HQ,2.0,1.0,10.0,3,1,blend,obs,0.5983333333333334,0.7661469114220435,0.945205874829408,0.8018623011014268,0.8079316280937092,0.9655901910205178,0.9184700670199891,0.9534730804124556,0.997748250565146,0.9972544594026634,0.9494270612894266,0.9976711216284375,0.9925183191957754,0.9623844489429451,0.9987474920216834,0.9962403123109194,0.8098732657796324,0.9628579307437808,0.8721338232583181,0.9308288727946301,0.9949817092586298,0.9962218018979596,0.8673345901587922,0.9831196964784651,0.9636388233581278,0.9616146483587626,0.8542573646116451,0.09418340414511091,94.33619399592759,7.251900588876674,0.9585064552294872,0.07601591072593768,5.4340451845408255,5.250947859926859,0.08035076942281094,106.21402000874528,8.63460754027874,-0.5735345615242355,9.762153989438321
away_HQ,2.0,1.0,10.0,4,1,blend,obs,0.5976666666666667,0.7716258479221904,0.947651216633098,0.8253588847094291,0.7827122833292421,0.9565694454015025,0.9029340586933561,0.9321270980146901,0.9950966505595682,0.9917775235825482,0.933709477893146,0.9960992712431773,0.9875916878377407,0.9403186216570734,0.9967596234391585,0.990532062684871,0.8191299264639633,0.96599465979084,0.8928729911411731,0.9130249269929438,0.9921237854241606,0.9914969415430022,0.8696641654479831,0.9837476695171936,0.9706840376614041,0.9605208536567376,0.845711392582563,0.0956127496027238,95.26979841187257,8.414807819877899,0.9581632704926782,0.0763132210395164,5.268199873572839,5.035708661520049,0.07097115785386225,113.13983983675249,8.537998272068748,-0.5867161214010104,9.736920127208306
away_HQ,2.0,1.0,10.0,5,1,blend,obs,0.6033333333333334,0.7695844758102349,0.946575064903519,0.8178226998129046,0.7966249350121454,0.9623905313025133,0.907344971502306,0.9610693840620159,0.9983398675258328,0.9959690326622014,0.9440499168326996,0.9972409562742153,0.9910508047143758,0.961196749148665,0.9987344045695284,0.9958292830792207,0.8158750993191476,0.9647750531899697,0.8870652271023315,0.9286945247446696,0.9946506398324765,0.9935487257134228,0.8724232006792734,0.9844253848070474,0.9717339410498373,0.9555797476900362,0.8344711844873649,0.08136330191030947,122.86385267238023,8.760573602862468,0.9540881656530015,0.08145251369246448,5.119062423528201,4.955547915655975,0.07663526554657432,125.82716027630981,9.820009844236019,-0.5690013596022659,9.724679903274032
away_HQ,2.0,1.0,10.0,6,1,blend,obs,0.6173333333333333,0.7716058866966637,0.9478956574095185,0.83061545146893,0.7920989997538872,0.9604863812541056,0.9006596288161807,0.9484827776734923,0.9970901436344174,0.9931526605973667,0.9304386382321579,0.9956503736886122,0.9853505310395344,0.9442710073992708,0.9971799962503335,0.990590702254243,0.8174676534465387,0.9656690180590886,0.8961608564814162,0.9341929525742376,0.9956134366062875,0.9944648879767836,0.8630159184852652,0.9820141192570889,0.9682135053509633,0.9586383270612756,0.8562225544176187,0.34452263245341447,31.04709228992517,7.023823805307703,0.9571192928259118,0.07717054363965162,5.257560699555968,5.037098212391533,0.31281899799441776,36.150186196863956,8.086406666964876,-0.5729883630015106,9.754956061400419
away_HQ,2.0,1.0,10.0,7,1,blend,obs,0.6053333333333333,0.7766329868866686,0.9498149555038432,0.8366857097918484,0.7740182950418174,0.9532281616190881,0.888634364768567,0.9322029658069678,0.9950127844368072,0.9870520121074039,0.9178943136291978,0.9936835911939768,0.9783908411788229,0.9231166490211903,0.9944179163080262,0.9818418414792509,0.8246095639935386,0.9680304744404321,0.9026782804754118,0.9182213468941051,0.9934244121014439,0.9923274446668376,0.8671002620794177,0.9831138158096335,0.9739188377978993,0.9572915712511718,0.8409110969232529,0.16822345283091614,74.25855909791402,7.7632343668936015,0.9572733268097393,0.07773083271359585,5.254863518588711,5.115187311048865,0.15400549092859883,78.91117431726887,7.035611521665889,-0.5793300355163621,9.798529924628804
away_HQ,3.0,1.0,10.0,0,1,blend,obs,0.603,0.7608788083588047,0.9431730572592963,0.8053434692845818,0.7414519719977307,0.9367325700208131,0.8647008216080868,0.8868053627847106,0.9861937790887924,0.9679589706480353,0.8480585746167528,0.9771418129822009,0.9364911729060515,0.855017881488308,0.9790635102495385,0.9446662833883439,0.809475725623704,0.9628720961445391,0.8833734162265277,0.9283103137973794,0.9949464637546785,0.9958031075451708,0.871650681625424,0.9841141919108668,0.9715213103768198,0.9342568597263408,0.8808045012877628,0.02231698230209011,273.18364359471605,6.327006952032395,0.9772735817135983,0.052632861738151786,6.9933342772966895,6.8201806016170705,0.014729384063932155,339.3949052469329,6.382004228342772,-0.5782746995748766,9.723048361676913
away_HQ,3.0,1.0,10.0,1,1,blend,obs,0.5963333333333334,0.7682622706052171,0.9455872408326901,0.813083566799339,0.7308199767075563,0.9329669225930087,0.8583997261535545,0.8732083280382181,0.9831335730526408,0.9607928366379914,0.8286700613894087,0.9720119672982367,0.9253093118576955,0.8383450665125445,0.974937112602709,0.9359547044225001,0.8141901328517153,0.9638690138851413,0.8835225733529435,0.9119674589361276,0.9922383981794891,0.99001784110525,0.8669124451052104,0.9831499219138299,0.9701700828693124,0.9382158397055673,0.8910041058819802,0.24351737111441926,47.387151605023824,5.099872534331013,0.9789898725074188,0.05317323657200279,7.185529124112666,6.945786502108008,0.18718704954074705,62.0471888979738,5.63724919995903,-0.573757465411429,9.728864494696154
away_HQ,3.0,1.0,10.0,2,1,blend,obs,0.6073333333333333,0.7707242428835596,0.947290120886855,0.8319247374821469,0.7414656368792716,0.9367643117403853,0.860295564453576,0.8942617582240795,0.9877084632705275,0.9710600977539504,0.8447872924453135,0.9763539990131601,0.9354299622728233,0.8589587903698651,0.9802757050976632,0.9474153608366152,0.8183926915126128,0.9659818797120505,0.902023919793833,0.9277100978828275,0.9949391764631134,0.9937407423155168,0.8710110625819281,0.9840473898205094,0.9743359975802303,0.9277832521303292,0.8859977813148416,0.13570238569065904,79.73439614239707,5.853459146209432,0.9769269762700367,0.05473414441187663,6.95278925743311,6.757886139622708,0.13071440173194346,76.46381553402946,6.810936876151552,-0.5761424731303927,9.76961533916138
away_HQ,3.0,1.0,10.0,3,1,blend,obs,0.5943333333333334,0.764655403202657,0.9440997626193954,0.8008214272323267,0.7454894206281577,0.9385925576425056,0.8762757868125832,0.8867437674870027,0.9863687892014142,0.9755539934371817,0.8466158529862997,0.9769925095178583,0.9440528436863276,0.8577165887612493,0.9800208958518825,0.9534550249507694,0.8105199741322032,0.9626235046842787,0.8746881059267531,0.9190184638874564,0.9931976463225035,0.9935798434271601,0.8707906009176218,0.9839671026369116,0.9709875140786934,0.9380682990497994,0.8922926380674537,0.006939775946106773,480.1971219130016,5.067527254875717,0.9770753270525842,0.05350803166722432,6.9617348850143035,6.8320347888616935,0.007364956819873588,462.8872139915366,5.552236051895697,-0.5714873642238142,9.743167208913292
away_HQ,3.0,1.0,10.0,4,1,blend,obs,0.5936666666666667,0.7647187463809817,0.944463689927734,0.8124972355945068,0.7380527681961363,0.9360742157690665,0.8687595196669248,0.901311320130929,0.9896209385327742,0.9785098633185537,0.8533087113127793,0.9795103953520947,0.9467902027372019,0.8644598723302339,0.9823092576043279,0.9551414399912131,0.8135526263273829,0.9638596217575051,0.886616321813427,0.9119427754322518,0.9920662649525238,0.9906649969814434,0.8669175121218475,0.9830937047831674,0.9722068599794206,0.9350528954983889,0.8784057285520082,0.04124515323358463,149.33371500340849,6.060261951192113,0.9764672583035128,0.055819161128465584,7.1895436969550675,6.766682713843293,0.02800836478159464,204.40627690904324,6.745136562297889,-0.5831119702898935,9.73033326397407
away_HQ,3.0,1.0,10.0,5,1,blend,obs,0.6016666666666667,0.761789850624621,0.9428361691798574,0.8006376143396092,0.7455467558336333,0.9396464971143258,0.8689783870295196,0.8886794534725371,0.9867587714280831,0.9680614485076889,0.8390073052064635,0.9750733092730014,0.9326478835313192,0.8488914373627457,0.9778489539316342,0.9420123441378782,0.8095683234553902,0.9622531861837129,0.878055435274018,0.926161518857048,0.9944359385738276,0.9931737225449828,0.8651307125194534,0.9826332806535356,0.9698872624862859,0.9324552290705811,0.8962961166493587,0.009919434829551743,379.3414543840613,4.6725618168955805,0.9758353712954484,0.05573101079924076,6.672777177030087,6.563623000997874,0.009493148429293418,363.8216725657885,4.973249643005227,-0.5743319075255631,9.70057182554567
away_HQ,3.0,1.0,10.0,6,1,blend,obs,0.6143333333333333,0.763560090755907,0.9441430857054638,0.8148199193260306,0.7456683482085398,0.9397903871428176,0.865653995044991,0.9012676064144141,0.989489710840638,0.9766988285813027,0.8454303514426297,0.977134513871054,0.9382128844317347,0.8587566287489999,0.9806941478376144,0.9486256828048716,0.8107170847683604,0.9630458720111095,0.8880066486414058,0.9305534730661402,0.9952121773174082,0.993172157494617,0.8566373545350601,0.9803613008289824,0.9665674176256732,0.9232356735179632,0.8934071015158275,0.3432747044858221,34.65636201267668,5.131100632680136,0.9761563645009663,0.055639136455313626,6.788317595164272,6.68306925083855,0.37849084143523076,25.43407481009977,5.838989679448687,-0.572569513078639,9.745486548062948
away_HQ,3.0,1.0,10.0,7,1,blend,obs,0.6016666666666667,0.7693102159464216,0.9465045239883532,0.8239084576489959,0.7215200190961615,0.9278863843018467,0.8496374967860413,0.8741148530830418,0.9832436798607096,0.9631039177055036,0.8289480214279115,0.9718129864834828,0.9245421563997436,0.834213057962283,0.9732968356064631,0.9329860924182204,0.8188204579287159,0.9658505542926438,0.8963666090957514,0.9122392716396643,0.9925161807560853,0.9904873676870153,0.8635665609196526,0.9823026595970111,0.9738251528202251,0.9338321363247485,0.8809190569031733,0.16234336747768705,61.38340738484437,5.948643142166287,0.9774077121895246,0.05464835654779683,6.968186239654555,6.818927495244923,0.17314086659981695,69.94523072012721,5.622325236465861,-0.5743857378649274,9.758630259465791
away_HQ,4.0,1.0,10.0,0,1,blend,obs,0.6053333333333333,0.760233715847315,0.9428312065003466,0.8052378869117552,0.7133100643170126,0.9218419586366273,0.8433927254285128,0.8408991395793164,0.9732512944131324,0.9404076579088233,0.7856635853058607,0.9547183971941221,0.8921215074514336,0.7967633201088301,0.9590655623028626,0.9043643276998835,0.8093867773484018,0.9628058469812785,0.8845730833590669,0.9270330180056068,0.9947705810612638,0.9954547929050709,0.8720788934987393,0.9841691284528842,0.9720575801837846,0.9176669808184761,0.9154902569764188,0.10736202361291644,109.40079288656142,4.538952100298657,0.9865204377009169,0.036919273121908604,8.834101052626279,8.856561405922214,0.09730816553425736,110.62823107588945,5.050404036785421,-0.5719859431971505,9.695589096019987
away_HQ,4.0,1.0,10.0,1,1,blend,obs,0.599,0.7686139447905191,0.9455361061612017,0.8118117719506253,0.7086969451584251,0.9210921041754973,0.844506288041792,0.8410005818861774,0.9737415836446568,0.9442270275623925,0.782041569128143,0.9544142517216458,0.8948913400104772,0.7941373455501342,0.9591014081736735,0.9079311467313192,0.8145241868698263,0.963866443346969,0.8825907573636962,0.9086803112665556,0.9916634265624894,0.9892097335512501,0.8686952657716732,0.9836610946262592,0.9710355412220066,0.9219817524599334,0.9167855278166959,0.19388367207162208,74.05049616493359,4.316182418942851,0.9853887355438153,0.04190353927014517,8.3559949774013,8.29030959272146,0.18833748124378652,58.528629384272385,5.230494547318634,-0.5690988548987255,9.715271536851196
away_HQ,4.0,1.0,10.0,2,1,blend,obs,0.601,0.7618709055600152,0.9433573942566844,0.8113276378868811,0.7108968772851345,0.9217597764492446,0.8331694479757035,0.851343605078591,0.9766696211982112,0.9461029557018421,0.7857404378864524,0.9556435893670032,0.8909770133119232,0.7994605989204694,0.96078110030824,0.9043997215392967,0.8083910580214148,0.9622356646217807,0.886103577626005,0.9315340486699248,0.9954946308609584,0.9935811620225715,0.8637428950077581,0.9823032829029853,0.9724021348160204,0.9133567184459054,0.9154607805493582,0.19355420503354828,81.96248776201175,4.252536131701976,0.9856560424911419,0.04156106873114445,8.385473024905092,8.314988072771797,0.22283269089865243,71.82843576379061,4.939357687993911,-0.5768778451045323,9.768960974360601
away_HQ,4.0,1.0,10.0,3,1,blend,obs,0.5993333333333334,0.7608178417923589,0.9424875119494034,0.7912344846446279,0.7386707190749287,0.9346706789398886,0.8678180880842293,0.8754520701966486,0.983191817079291,0.9693473059107836,0.8180903596577406,0.9670869010504302,0.92390694983554,0.8351009876728428,0.972629948048322,0.9376598278994615,0.8059710790318642,0.9610822076512411,0.867081037540035,0.9307274166314476,0.9949996265184805,0.9962078235992742,0.8658259953853047,0.9827138493126009,0.9647242262170875,0.9167481507670503,0.9119217468326347,0.015061645607628408,341.59954594182,4.776815377959034,0.9852211460691209,0.04166825247131719,8.308914942470663,8.41221928564372,0.012705770960147153,371.9317329169667,5.968333841094043,-0.5691783841283896,9.733251184575055
away_HQ,4.0,1.0,10.0,4,1,blend,obs,0.6013333333333334,0.7656935690439204,0.9446876792305049,0.8134813850823118,0.7132430269527754,0.9227665100069653,0.850761246335476,0.8567869710540431,0.9784032167429594,0.95692831953939,0.7900953087881916,0.9573772842236802,0.9061146464703401,0.802969107938758,0.9621203543590493,0.9171545882174467,0.8143056485006368,0.964001072532427,0.8872777894348092,0.9120338415515586,0.9921589406626808,0.9904473871228369,0.8690961685695048,0.983676217805266,0.9746484535176159,0.9140461979899007,0.9155422711281682,0.005751726974604479,557.1208374464827,4.086782013190694,0.9851660468375739,0.04228768143145993,8.573799374439226,8.37251572865674,0.006089096275723933,540.7990326737826,4.753520513676142,-0.5786869968926062,9.705851388850336
away_HQ,4.0,1.0,10.0,5,1,blend,obs,0.6063333333333333,0.7610933328577427,0.942384756120008,0.7983337584143486,0.7268620173508902,0.9300249951883434,0.8567329485459545,0.8834216637090271,0.9852896984419492,0.9664502973395066,0.8101812020836566,0.9650628659514143,0.9137875578063107,0.8253496238894893,0.9701756172567384,0.9272259655531039,0.8091342887687243,0.9620006405093571,0.8771048507817915,0.9239501057236865,0.9940925067115844,0.9925910064343411,0.8657173646252574,0.9828107071091807,0.9711453896518542,0.9027899019194484,0.9065447612459107,0.1733496162327175,68.86352578920128,4.75549767571105,0.982742143681406,0.045449065690253365,7.497173123943447,7.5517942895634365,0.12963440111976735,83.0640636603972,5.831230781576722,-0.5712817650094124,9.683110423687381
away_HQ,4.0,1.0,10.0,6,1,blend,obs,0.615,0.7618671375455159,0.9432672265332689,0.8099585118662679,0.7214317268074452,0.9273959381087734,0.8489314328534987,0.8778786317241433,0.9842446645873109,0.9693075482067033,0.8019538073218146,0.9623701605251626,0.9104571571850599,0.8153901859739479,0.9670712318074698,0.922621669881291,0.8095571531924906,0.9625008326508893,0.8855229315119616,0.9270930319536175,0.9947422074525119,0.9923680399725807,0.857745616463257,0.9806813161991408,0.96795670106433,0.9014427104112535,0.9134014655043461,0.12294974063779422,94.04074596307636,4.262886495913353,0.9850099133025962,0.04213377303557073,8.425530132039441,8.380416544472544,0.14225233994238562,72.46177270772968,4.848994673802969,-0.5734686223249229,9.726387157653015
away_HQ,4.0,1.0,10.0,7,1,blend,obs,0.6006666666666667,0.7672726456226177,0.9454778430902466,0.8192279449751516,0.6903373195377589,0.9106082726057474,0.82581298436575,0.8245734396796349,0.9682939003382414,0.9360888915481493,0.7641866419060223,0.9464210730531066,0.8793156718324711,0.7739547190476713,0.9504790962868472,0.8911902413014454,0.8172054264043338,0.965178528355286,0.8940191291014487,0.9092630493858753,0.9920330036581836,0.9895595693979695,0.863570810058533,0.982370722091876,0.9742193516101846,0.9187149875975994,0.9156258596669498,0.07339621699484938,143.53202530975648,4.245074279726661,0.9856343535933919,0.04048786309205907,8.389441439636768,8.494287576298769,0.05802951042324507,158.34056849246443,4.449160228445154,-0.5700556372458019,9.743335570416628
