learner,species,strategy_vs_all,schoener_D,warren_I,range_top30_pct,range_top10_pct,top10_jaccard,mean_abs_diff
rf,Pacifastacus leniusculus,filter,0.8136887354353375,0.9575456718387167,-19.81666666666666,-21.60000000000001,0.6687526074259491,0.033222177931710006
rf,Pacifastacus leniusculus,trust,0.8537334278667389,0.9800327673538299,-16.983333333333334,-31.300000000000008,0.7174753112924002,0.032580863999580316
rf,Pacifastacus leniusculus,ipw,0.813422158422926,0.9560469113646319,-12.549999999999988,-4.350000000000007,0.6576875259013676,0.0390689782847736
rf,Pacifastacus leniusculus,ipw_str,0.8137946332228181,0.9560395177220229,-11.816666666666661,-4.7500000000000036,0.6556291390728477,0.03909039458845004
rf,Pacifastacus leniusculus,filter->ipw,0.9301109287043906,0.9949386421885906,8.765205799033492,14.599999999999987,0.8665422305179654,0.015907692256585615
rf,Astacus astacus,filter,0.6394209774613473,0.8905427221629144,-15.966666666666667,-51.55,0.48093298778230287,0.04685656634559709
rf,Astacus astacus,trust,0.8011602188528758,0.9708890937091175,-5.5833333333333295,-40.00000000000001,0.7040034071550255,0.03269477376771074
rf,Astacus astacus,ipw,0.6545448639580499,0.8971526705477393,-14.049999999999988,-47.75,0.49868864743349567,0.0452062479551478
rf,Astacus astacus,ipw_str,0.6545448639580499,0.8971526705477393,-14.049999999999988,-47.75,0.49868864743349567,0.0452062479551478
rf,Astacus astacus,filter->ipw,0.9341079223775687,0.9932326402553752,2.2166666666666632,3.049999999999997,0.9203072491598656,0.007305765118298474
rf,Faxonius limosus,filter,0.8656774569094128,0.9720408782336003,-9.366666666666672,-6.700000000000011,0.7278617710583153,0.03220969698447515
rf,Faxonius limosus,trust,0.8762446670916797,0.98315322169708,-14.616666666666667,-13.300000000000004,0.7723649247121346,0.029536947348986365
rf,Faxonius limosus,ipw,0.8332186690176725,0.962276596793247,-6.033333333333335,-0.6000000000000033,0.6366612111292962,0.044963328975949346
rf,Faxonius limosus,ipw_str,0.8338574309781193,0.9626521116135023,-6.099999999999994,-0.20000000000000573,0.6410992616899097,0.04481560892902865
rf,Faxonius limosus,filter->ipw,0.915292875202349,0.9918617957858384,1.5666666666666793,7.449999999999998,0.8042399639152007,0.021384198484759337
rf,Pontastacus leptodactylus,filter,0.8241662602321805,0.9684696394973448,-28.17863689385102,-44.9,0.5570260801868431,0.0366750028976899
rf,Pontastacus leptodactylus,trust,0.837258945071901,0.9760239147132297,-26.39560073321113,-47.7,0.5797788309636651,0.03643287339267404
rf,Pontastacus leptodactylus,ipw,0.8498452284855432,0.9770343483950474,-14.980836527245458,-32.050000000000004,0.5754233950374164,0.033531041437816364
rf,Pontastacus leptodactylus,ipw_str,0.8491724678781479,0.9767737795459366,-15.864022662889512,-30.050000000000008,0.5779092702169625,0.033667160467369416
rf,Pontastacus leptodactylus,filter->ipw,0.8921754480230109,0.9891849533040866,14.149999999999999,23.849999999999998,0.7613386173491854,0.020560012621832907
rf,Procambarus clarkii,filter,0.8297077332072172,0.9729596471329541,-13.09781703049492,-19.850000000000005,0.6417726713171933,0.03383674264142289
rf,Procambarus clarkii,trust,0.9090860878157452,0.992715529399102,11.231461423096155,8.14999999999999,0.8042399639152007,0.021595117974307527
rf,Procambarus clarkii,ipw,0.8455577656481239,0.9765038683647452,-28.645225795700707,-30.550000000000004,0.7286084701815039,0.03313770686880873
rf,Procambarus clarkii,ipw_str,0.8442105346287198,0.9760107652058865,-28.478586902182958,-31.1,0.7316017316017316,0.03328288966550334
rf,Procambarus clarkii,filter->ipw,0.8993385517838046,0.9912504183500779,-14.98333333333333,-16.891554222888555,0.8030644434429923,0.01896351661122999
rf,Austropotamobius pallipes,filter,0.7646315020492686,0.932764354970645,-11.466666666666663,-22.10000000000001,0.5772870662460567,0.02956431458415804
rf,Austropotamobius pallipes,trust,0.8266483333047461,0.9709298381613535,-6.949999999999994,-21.95000000000001,0.7174753112924002,0.024815411764812213
rf,Austropotamobius pallipes,ipw,0.7551694513640281,0.9257324138287824,-11.21666666666667,-8.95,0.5655577299412916,0.03495650980169177
rf,Austropotamobius pallipes,ipw_str,0.7563829714624145,0.9266438340296823,-10.283333333333331,-8.199999999999998,0.5667841754798276,0.03494581772600599
rf,Austropotamobius pallipes,filter->ipw,0.9130056679398173,0.9906727318499664,0.5000000000000004,10.7,0.8441678192715537,0.012073748428338816
rf,Austropotamobius torrentium,filter,0.6903041860615351,0.9184190044250682,-8.533333333333339,-39.25000000000001,0.5972055888223553,0.03331090738412518
rf,Austropotamobius torrentium,trust,0.8005532629421568,0.9685153160934016,-5.683333333333337,-16.800000000000008,0.8140589569160998,0.025100392547536574
rf,Austropotamobius torrentium,ipw,0.7293846932645376,0.9345385922642704,-7.949999999999994,-33.65,0.6474464579901154,0.02953343251892682
rf,Austropotamobius torrentium,ipw_str,0.7330433479457834,0.9355684918531414,-7.833333333333322,-33.45,0.6611295681063123,0.029391519979036194
rf,Austropotamobius torrentium,filter->ipw,0.8896861411158513,0.9843387387058083,0.7666666666666748,4.347826086956529,0.807953004970628,0.0091853860293788
xgb,Pacifastacus leniusculus,filter,0.7276602334691615,0.9142125298973663,-21.366666666666664,-37.550000000000004,0.5841584158415841,0.02892546318452487
xgb,Pacifastacus leniusculus,trust,0.8373420455051721,0.9752895287669265,-3.816666666666672,-31.900000000000013,0.7323516673884799,0.022129392133398325
xgb,Pacifastacus leniusculus,ipw,0.730510925291249,0.915354525950513,-20.14999999999999,-32.550000000000004,0.5804030027657052,0.028990020897485192
xgb,Pacifastacus leniusculus,ipw_str,0.7314068411586498,0.9150830507395822,-19.21666666666666,-30.550000000000004,0.5797788309636651,0.02887382442901189
xgb,Pacifastacus leniusculus,filter->ipw,0.9018318724087591,0.989771153485912,0.600000000000008,6.8,0.8390804597701149,0.009387223679311956
xgb,Astacus astacus,filter,0.47748431083476295,0.758433569954083,-36.8,-64.25,0.47712177121771215,0.034744497032972686
xgb,Astacus astacus,trust,0.8128638752129698,0.97167392185598,-3.7166666666666646,-20.100000000000005,0.8458698661744347,0.020208574123009748
xgb,Astacus astacus,ipw,0.4786782399671984,0.7583556039618596,-38.13333333333333,-63.25,0.47928994082840237,0.03415577292811217
xgb,Astacus astacus,ipw_str,0.4786782399671984,0.7583556039618596,-38.13333333333333,-63.25,0.47928994082840237,0.03415577292811217
xgb,Astacus astacus,filter->ipw,0.9020430180252389,0.9895573953899781,0.2666666666666743,0.9485771342985446,0.8575406032482599,0.0033769579202461955
xgb,Faxonius limosus,filter,0.7883924834607365,0.9424441337418356,-15.29745042492918,-23.500000000000004,0.639344262295082,0.030918093869891437
xgb,Faxonius limosus,trust,0.8440423898498977,0.9771405493972154,-14.464255957340443,-36.85000000000001,0.7513134851138353,0.030007806773959693
xgb,Faxonius limosus,ipw,0.7906764090293262,0.9427230290833051,-14.997500416597228,-20.350000000000005,0.6313213703099511,0.032195528525382454
xgb,Faxonius limosus,ipw_str,0.790596039517,0.9427516814510968,-14.69755040826528,-19.25,0.6339869281045751,0.032394469608380494
xgb,Faxonius limosus,filter->ipw,0.909133836635976,0.9911455199984914,0.2666666666666743,5.24999999999999,0.8315018315018315,0.013531425183590545
xgb,Pontastacus leptodactylus,filter,0.7264799084180859,0.9294332729951837,-30.349999999999998,-45.7,0.5968063872255489,0.024372187553256687
xgb,Pontastacus leptodactylus,trust,0.8325954137073645,0.975765218272043,-8.700000000000005,-30.90000000000001,0.6927634363097757,0.017773798826904885
xgb,Pontastacus leptodactylus,ipw,0.7362819977726804,0.9338249008217001,-29.15,-45.25,0.5980823012385138,0.024080949938719856
xgb,Pontastacus leptodactylus,ipw_str,0.7401132475178627,0.9344766875262366,-28.61666666666666,-44.40000000000001,0.5946592267835791,0.023707656217910517
xgb,Pontastacus leptodactylus,filter->ipw,0.8712803451566786,0.9836845330614643,0.9833333333333361,3.7499999999999893,0.7699115044247787,0.00841713442580309
xgb,Procambarus clarkii,filter,0.7754787161722753,0.9516284000997896,-24.149999999999995,-27.950000000000003,0.6129032258064516,0.03295374545015366
xgb,Procambarus clarkii,trust,0.8714969222349462,0.9844473607687901,-15.833333333333329,-27.00000000000001,0.7574692442882249,0.024265927015054332
xgb,Procambarus clarkii,ipw,0.7744509895680441,0.952535511675031,-35.88333333333333,-42.2,0.6474464579901154,0.03390185020811041
xgb,Procambarus clarkii,ipw_str,0.7718258006956845,0.9515855578227848,-36.05,-41.7,0.6400164001640016,0.034245793703287924
xgb,Procambarus clarkii,filter->ipw,0.8758478446600635,0.9866028643883845,-12.266666666666666,-19.500000000000004,0.7722640673460346,0.015374032125950907
xgb,Austropotamobius pallipes,filter,0.6581049920332567,0.8587754834695064,-13.95,-30.450000000000003,0.6447368421052632,0.014888661583582688
xgb,Austropotamobius pallipes,trust,0.8311168421286872,0.9737212629079649,5.700000000000002,-8.500000000000007,0.8475750577367206,0.01017794601817111
xgb,Austropotamobius pallipes,ipw,0.6592321946738235,0.8595817960444465,-16.916666666666664,-29.450000000000003,0.6471799094277481,0.014880569375910164
xgb,Austropotamobius pallipes,ipw_str,0.6626926428142532,0.8606929819780729,-17.71666666666666,-29.00000000000001,0.6494845360824743,0.01476935762638367
xgb,Austropotamobius pallipes,filter->ipw,0.9149041086451108,0.9912657438632407,-3.4160973171138083,1.1499999999999981,0.8740046838407494,0.0032923265128803735
xgb,Austropotamobius torrentium,filter,0.45639169937178214,0.7464858799908555,-21.866666666666664,-51.1744127936032,0.5120937263794406,0.017663366858197537
xgb,Austropotamobius torrentium,trust,0.8280842516091766,0.9733672551567064,1.150000000000003,-1.499250374812595,0.843778801843318,0.008841521061586786
xgb,Austropotamobius torrentium,ipw,0.46082616050120206,0.7456749454269391,-19.25,-52.22388805597201,0.4979408461250468,0.017453045539133905
xgb,Austropotamobius torrentium,ipw_str,0.45969614842903794,0.7448168347993693,-24.78333333333333,-51.67416291854073,0.5069679849340867,0.017532142438098138
xgb,Austropotamobius torrentium,filter->ipw,0.887169011568603,0.9837382687833582,4.500000000000004,1.3999999999999984,0.7368649587494572,0.0016652959744870713
