datasetKey,n_records
0354f54c-12a1-457c-a5dd-53386a0758fd,1
040c5662-da76-4782-a48e-cdea1892d14c,39
09c4287e-e6d5-4552-a07f-bff8a00833d8,37
0a0b594e-0c5e-4766-a5d7-66043160de5f,42
11c5c7f0-08cf-4a8b-a0e2-dfbc9ad768e3,3
1c28c24b-4dbe-4bc6-b4a2-8c56a50e9baa,9
1c5c3e48-7fc0-4d4f-96e6-c4df2c747f34,107
263bbfe7-f643-43bb-b448-f0705d1c0e18,14
2dfdc77f-f260-4220-9e7f-ec4cbd2958ec,37
2e64dedd-0996-4cd6-b6cd-4f055a46c38c,1
3d84f407-8a76-473a-b8c8-54a58d5f581b,3
410461b6-368c-4970-8cb5-c043c28c08dd,1
427a6290-0c65-11dd-84d2-b8a03c50a862,13
4bfac3ea-8763-4f4b-a71a-76a6f5f243d3,55
50c9509d-22c7-4a22-a47d-8c48425ef4a7,7545
544ae945-0a4f-43de-9387-cff775273c77,3
5a7d0063-39f5-4c96-9306-b8bd74ecbce7,1
5bb347b5-3e46-4da0-81d1-095a79c045d2,5
61621940-f762-11e1-a439-00145eb45e9a,3
61633bf4-f762-11e1-a439-00145eb45e9a,3
616584cc-f762-11e1-a439-00145eb45e9a,2
6166a992-f762-11e1-a439-00145eb45e9a,5
6168ffc6-f762-11e1-a439-00145eb45e9a,8
616a1dfc-f762-11e1-a439-00145eb45e9a,1
616c5d60-f762-11e1-a439-00145eb45e9a,1
616eaa0c-f762-11e1-a439-00145eb45e9a,1
6171366e-f762-11e1-a439-00145eb45e9a,5
6173ab24-f762-11e1-a439-00145eb45e9a,2
6175ff28-f762-11e1-a439-00145eb45e9a,1
617a519a-f762-11e1-a439-00145eb45e9a,2
617e46ec-f762-11e1-a439-00145eb45e9a,4
61843a52-f762-11e1-a439-00145eb45e9a,2
6185910e-f762-11e1-a439-00145eb45e9a,1
618e7b34-f762-11e1-a439-00145eb45e9a,2
618fbbac-f762-11e1-a439-00145eb45e9a,1
61939e52-f762-11e1-a439-00145eb45e9a,5
61961c0e-f762-11e1-a439-00145eb45e9a,2
619918a0-f762-11e1-a439-00145eb45e9a,5
619a472a-f762-11e1-a439-00145eb45e9a,2
619b7e4c-f762-11e1-a439-00145eb45e9a,3
619f5490-f762-11e1-a439-00145eb45e9a,1
61a22378-f762-11e1-a439-00145eb45e9a,1
61a7b838-f762-11e1-a439-00145eb45e9a,1
61a8ffc2-f762-11e1-a439-00145eb45e9a,1
61aec72c-f762-11e1-a439-00145eb45e9a,2
61b102b2-f762-11e1-a439-00145eb45e9a,1
61b2264c-f762-11e1-a439-00145eb45e9a,1
61b46c9a-f762-11e1-a439-00145eb45e9a,2
61bcecbc-f762-11e1-a439-00145eb45e9a,2
61c88f72-f762-11e1-a439-00145eb45e9a,3
61c9b3d4-f762-11e1-a439-00145eb45e9a,5
61ded8a4-f762-11e1-a439-00145eb45e9a,1
61e42bd8-f762-11e1-a439-00145eb45e9a,1
61e54d6a-f762-11e1-a439-00145eb45e9a,1
61e9f5ae-f762-11e1-a439-00145eb45e9a,4
61f2c5a8-f762-11e1-a439-00145eb45e9a,3
61f41dfe-f762-11e1-a439-00145eb45e9a,1
61f6b230-f762-11e1-a439-00145eb45e9a,5
61fc582a-f762-11e1-a439-00145eb45e9a,1
6202499c-f762-11e1-a439-00145eb45e9a,1
6207feb4-f762-11e1-a439-00145eb45e9a,1
620c7d9a-f762-11e1-a439-00145eb45e9a,3
620fd832-f762-11e1-a439-00145eb45e9a,4
62132a6e-f762-11e1-a439-00145eb45e9a,5
621e5a10-f762-11e1-a439-00145eb45e9a,3
6220d650-f762-11e1-a439-00145eb45e9a,5
6225b5f8-f762-11e1-a439-00145eb45e9a,3
622bf4cc-f762-11e1-a439-00145eb45e9a,2
6230a436-f762-11e1-a439-00145eb45e9a,6
6231d02c-f762-11e1-a439-00145eb45e9a,1
6232fd76-f762-11e1-a439-00145eb45e9a,1
623c709a-f762-11e1-a439-00145eb45e9a,2
623d9de4-f762-11e1-a439-00145eb45e9a,1
623ecebc-f762-11e1-a439-00145eb45e9a,7
623ffe40-f762-11e1-a439-00145eb45e9a,3
62412f86-f762-11e1-a439-00145eb45e9a,3
62438092-f762-11e1-a439-00145eb45e9a,3
6245d572-f762-11e1-a439-00145eb45e9a,1
6248453c-f762-11e1-a439-00145eb45e9a,2
6257a37e-f762-11e1-a439-00145eb45e9a,2
625b1cb6-f762-11e1-a439-00145eb45e9a,1
625c474e-f762-11e1-a439-00145eb45e9a,2
625d777c-f762-11e1-a439-00145eb45e9a,1
6276fa08-f762-11e1-a439-00145eb45e9a,3
6280ba7a-f762-11e1-a439-00145eb45e9a,3
62833278-f762-11e1-a439-00145eb45e9a,2
6284683c-f762-11e1-a439-00145eb45e9a,3
6285a350-f762-11e1-a439-00145eb45e9a,1
629eaa80-f762-11e1-a439-00145eb45e9a,3
62a12648-f762-11e1-a439-00145eb45e9a,2
62a7764c-f762-11e1-a439-00145eb45e9a,1
62ac7372-f762-11e1-a439-00145eb45e9a,2
62adc43e-f762-11e1-a439-00145eb45e9a,3
62af133e-f762-11e1-a439-00145eb45e9a,8
62b04a74-f762-11e1-a439-00145eb45e9a,2
62b18ed4-f762-11e1-a439-00145eb45e9a,2
62bde850-f762-11e1-a439-00145eb45e9a,2
62bf2df0-f762-11e1-a439-00145eb45e9a,1
62c6c79a-f762-11e1-a439-00145eb45e9a,1
62c9640a-f762-11e1-a439-00145eb45e9a,4
62cbe734-f762-11e1-a439-00145eb45e9a,5
62cd3db4-f762-11e1-a439-00145eb45e9a,2
62ce8b92-f762-11e1-a439-00145eb45e9a,3
62cfcfa2-f762-11e1-a439-00145eb45e9a,4
62d243cc-f762-11e1-a439-00145eb45e9a,2
62d8988a-f762-11e1-a439-00145eb45e9a,8
62ea62d6-f762-11e1-a439-00145eb45e9a,5
62f3279a-f762-11e1-a439-00145eb45e9a,2
62f8496e-f762-11e1-a439-00145eb45e9a,4
62f99788-f762-11e1-a439-00145eb45e9a,1
62faea20-f762-11e1-a439-00145eb45e9a,4
62fc2976-f762-11e1-a439-00145eb45e9a,2
631028e0-f762-11e1-a439-00145eb45e9a,1
6316812c-f762-11e1-a439-00145eb45e9a,2
631fb1ca-f762-11e1-a439-00145eb45e9a,1
63210692-f762-11e1-a439-00145eb45e9a,1
6329f84c-f762-11e1-a439-00145eb45e9a,1
63342d4e-f762-11e1-a439-00145eb45e9a,1
63380c7a-f762-11e1-a439-00145eb45e9a,1
63395fda-f762-11e1-a439-00145eb45e9a,3
633abd26-f762-11e1-a439-00145eb45e9a,4
6342b404-f762-11e1-a439-00145eb45e9a,2
6347fffe-f762-11e1-a439-00145eb45e9a,1
63494206-f762-11e1-a439-00145eb45e9a,1
6351356a-f762-11e1-a439-00145eb45e9a,2
6353f11a-f762-11e1-a439-00145eb45e9a,3
6367cfd2-f762-11e1-a439-00145eb45e9a,1
636bdd34-f762-11e1-a439-00145eb45e9a,1
636e91aa-f762-11e1-a439-00145eb45e9a,3
636fde0c-f762-11e1-a439-00145eb45e9a,3
6373dcf0-f762-11e1-a439-00145eb45e9a,6
6377d5bc-f762-11e1-a439-00145eb45e9a,3
637a826c-f762-11e1-a439-00145eb45e9a,2
637bc9ce-f762-11e1-a439-00145eb45e9a,4
637e68d2-f762-11e1-a439-00145eb45e9a,1
6382673e-f762-11e1-a439-00145eb45e9a,2
639a59ac-f762-11e1-a439-00145eb45e9a,1
63fe5024-f762-11e1-a439-00145eb45e9a,3
64011b92-f762-11e1-a439-00145eb45e9a,2
64027802-f762-11e1-a439-00145eb45e9a,1
6403d346-f762-11e1-a439-00145eb45e9a,1
640eab72-f762-11e1-a439-00145eb45e9a,2
64116286-f762-11e1-a439-00145eb45e9a,1
64141e18-f762-11e1-a439-00145eb45e9a,1
64199e92-f762-11e1-a439-00145eb45e9a,1
641af544-f762-11e1-a439-00145eb45e9a,2
642083a6-f762-11e1-a439-00145eb45e9a,1
64248c44-f762-11e1-a439-00145eb45e9a,1
6425e954-f762-11e1-a439-00145eb45e9a,1
642b40f2-f762-11e1-a439-00145eb45e9a,2
642c898a-f762-11e1-a439-00145eb45e9a,1
642f5c46-f762-11e1-a439-00145eb45e9a,1
6434e1fc-f762-11e1-a439-00145eb45e9a,1
643a4778-f762-11e1-a439-00145eb45e9a,1
6463e498-f762-11e1-a439-00145eb45e9a,1
64654a36-f762-11e1-a439-00145eb45e9a,1
646c4f98-f762-11e1-a439-00145eb45e9a,2
64708fe0-f762-11e1-a439-00145eb45e9a,3
6476088a-f762-11e1-a439-00145eb45e9a,1
647a6182-f762-11e1-a439-00145eb45e9a,1
64817468-f762-11e1-a439-00145eb45e9a,5
6482de2a-f762-11e1-a439-00145eb45e9a,1
6485b12c-f762-11e1-a439-00145eb45e9a,1
6489c014-f762-11e1-a439-00145eb45e9a,1
648b2968-f762-11e1-a439-00145eb45e9a,1
648c7c00-f762-11e1-a439-00145eb45e9a,1
649a41b4-f762-11e1-a439-00145eb45e9a,2
64be02e0-0c64-11dd-84d1-b8a03c50a862,5
6863f850-572a-41f1-aa58-c7b40b4e1a5c,7
6ac3f774-d9fb-4796-b3e9-92bf6c81c084,14064
71352dd0-f762-11e1-a439-00145eb45e9a,2
71395950-f762-11e1-a439-00145eb45e9a,1
713ac344-f762-11e1-a439-00145eb45e9a,7
713c2900-f762-11e1-a439-00145eb45e9a,9
713d9d94-f762-11e1-a439-00145eb45e9a,1
713ef310-f762-11e1-a439-00145eb45e9a,2
714057aa-f762-11e1-a439-00145eb45e9a,1
7143034c-f762-11e1-a439-00145eb45e9a,1
7144698a-f762-11e1-a439-00145eb45e9a,1
714e00c6-f762-11e1-a439-00145eb45e9a,2
7154ea1c-f762-11e1-a439-00145eb45e9a,3
715a876a-f762-11e1-a439-00145eb45e9a,8
715d2f7e-f762-11e1-a439-00145eb45e9a,3
715e8a40-f762-11e1-a439-00145eb45e9a,2
71613c86-f762-11e1-a439-00145eb45e9a,1
7163ec6a-f762-11e1-a439-00145eb45e9a,3
71655776-f762-11e1-a439-00145eb45e9a,3
7166b170-f762-11e1-a439-00145eb45e9a,2
716809e4-f762-11e1-a439-00145eb45e9a,3
716d6d62-f762-11e1-a439-00145eb45e9a,3
716fe722-f762-11e1-a439-00145eb45e9a,2
71712cae-f762-11e1-a439-00145eb45e9a,2
717269fc-f762-11e1-a439-00145eb45e9a,1
7176248e-f762-11e1-a439-00145eb45e9a,1
717dbaf0-f762-11e1-a439-00145eb45e9a,2
71819d5a-f762-11e1-a439-00145eb45e9a,5
718f7ede-f762-11e1-a439-00145eb45e9a,1
7191f93e-f762-11e1-a439-00145eb45e9a,1
7193365a-f762-11e1-a439-00145eb45e9a,1
7196b35c-f762-11e1-a439-00145eb45e9a,1
719b6474-f762-11e1-a439-00145eb45e9a,3
719c947a-f762-11e1-a439-00145eb45e9a,3
719dc980-f762-11e1-a439-00145eb45e9a,2
71a3ccea-f762-11e1-a439-00145eb45e9a,1
71ac5248-f762-11e1-a439-00145eb45e9a,1
71ad9112-f762-11e1-a439-00145eb45e9a,5
71aec1b8-f762-11e1-a439-00145eb45e9a,1
71b1298a-f762-11e1-a439-00145eb45e9a,3
71b262be-f762-11e1-a439-00145eb45e9a,1
71b39dc8-f762-11e1-a439-00145eb45e9a,2
71b61918-f762-11e1-a439-00145eb45e9a,1
71b87690-f762-11e1-a439-00145eb45e9a,2
71be8990-f762-11e1-a439-00145eb45e9a,1
71c75a52-f762-11e1-a439-00145eb45e9a,10
71c8964c-f762-11e1-a439-00145eb45e9a,2
71c9d4da-f762-11e1-a439-00145eb45e9a,1
71cb1778-f762-11e1-a439-00145eb45e9a,2
71cc5020-f762-11e1-a439-00145eb45e9a,4
74f92761-3a24-4d85-9bfb-00b1fee0119d,5
78f98484-a7ef-4e6c-8b51-7464f1209591,1
7a504738-e749-4253-98bd-e30ae53302fd,1
7a6a36d4-f762-11e1-a439-00145eb45e9a,2
7a71dbbe-f762-11e1-a439-00145eb45e9a,1
7a75bd56-f762-11e1-a439-00145eb45e9a,3
7a7d7c80-f762-11e1-a439-00145eb45e9a,3
7a7ebc8a-f762-11e1-a439-00145eb45e9a,1
7a862cae-f762-11e1-a439-00145eb45e9a,1
7a8cc046-f762-11e1-a439-00145eb45e9a,4
7a8e1086-f762-11e1-a439-00145eb45e9a,1
7a9d6c98-f762-11e1-a439-00145eb45e9a,2
7aa7a550-f762-11e1-a439-00145eb45e9a,3
7aab8e9a-f762-11e1-a439-00145eb45e9a,2
7aaced6c-f762-11e1-a439-00145eb45e9a,1
7acdb466-f762-11e1-a439-00145eb45e9a,1
7e34ea34-f762-11e1-a439-00145eb45e9a,7
7e380070-f762-11e1-a439-00145eb45e9a,8
8138eb72-f762-11e1-a439-00145eb45e9a,16
828a3d8c-f762-11e1-a439-00145eb45e9a,1
85703434-f762-11e1-a439-00145eb45e9a,1
861d3d64-f762-11e1-a439-00145eb45e9a,16
898ea4a6-f762-11e1-a439-00145eb45e9a,5
89903b7c-f762-11e1-a439-00145eb45e9a,1
8991abd8-f762-11e1-a439-00145eb45e9a,2
899341c8-f762-11e1-a439-00145eb45e9a,2
8995784e-f762-11e1-a439-00145eb45e9a,4
8998952e-f762-11e1-a439-00145eb45e9a,6
899a1886-f762-11e1-a439-00145eb45e9a,1
899ba39a-f762-11e1-a439-00145eb45e9a,3
899d3214-f762-11e1-a439-00145eb45e9a,2
899ea946-f762-11e1-a439-00145eb45e9a,1
89a04454-f762-11e1-a439-00145eb45e9a,4
89a9fe7c-f762-11e1-a439-00145eb45e9a,4
89ab60e6-f762-11e1-a439-00145eb45e9a,2
89ae0cf6-f762-11e1-a439-00145eb45e9a,6
89af6b5a-f762-11e1-a439-00145eb45e9a,2
89b2276e-f762-11e1-a439-00145eb45e9a,6
89b3724a-f762-11e1-a439-00145eb45e9a,4
89b4d964-f762-11e1-a439-00145eb45e9a,3
89b797e4-f762-11e1-a439-00145eb45e9a,6
89ba4dfe-f762-11e1-a439-00145eb45e9a,1
89bba0c8-f762-11e1-a439-00145eb45e9a,2
89be485a-f762-11e1-a439-00145eb45e9a,1
89bf900c-f762-11e1-a439-00145eb45e9a,5
89c0ef1a-f762-11e1-a439-00145eb45e9a,3
89c7ad50-f762-11e1-a439-00145eb45e9a,2
89ca51ae-f762-11e1-a439-00145eb45e9a,2
89cbad42-f762-11e1-a439-00145eb45e9a,1
89d2b04c-f762-11e1-a439-00145eb45e9a,5
89d3f920-f762-11e1-a439-00145eb45e9a,1
89d55c66-f762-11e1-a439-00145eb45e9a,9
89d6c448-f762-11e1-a439-00145eb45e9a,2
89e49bfe-f762-11e1-a439-00145eb45e9a,1
89e60958-f762-11e1-a439-00145eb45e9a,1
89ea22cc-f762-11e1-a439-00145eb45e9a,5
89eb7c80-f762-11e1-a439-00145eb45e9a,1
89ece39a-f762-11e1-a439-00145eb45e9a,9
89ee5cde-f762-11e1-a439-00145eb45e9a,2
89f2871e-f762-11e1-a439-00145eb45e9a,3
89f3d9b6-f762-11e1-a439-00145eb45e9a,1
89f52a6e-f762-11e1-a439-00145eb45e9a,5
89f68c42-f762-11e1-a439-00145eb45e9a,1
89fed492-f762-11e1-a439-00145eb45e9a,3
8a00478c-f762-11e1-a439-00145eb45e9a,6
8a01a8de-f762-11e1-a439-00145eb45e9a,3
8a047410-f762-11e1-a439-00145eb45e9a,1
8a05c9c8-f762-11e1-a439-00145eb45e9a,1
8a2c019c-f762-11e1-a439-00145eb45e9a,6
8a3f1c5a-f762-11e1-a439-00145eb45e9a,2
8a4086da-f762-11e1-a439-00145eb45e9a,3
8a41e912-f762-11e1-a439-00145eb45e9a,2
8a449342-f762-11e1-a439-00145eb45e9a,7
8a45f05c-f762-11e1-a439-00145eb45e9a,5
8a474d08-f762-11e1-a439-00145eb45e9a,1
8a48a02c-f762-11e1-a439-00145eb45e9a,1
8a4b5236-f762-11e1-a439-00145eb45e9a,5
8a4e1944-f762-11e1-a439-00145eb45e9a,1
8a4f6e16-f762-11e1-a439-00145eb45e9a,1
8a54da4a-f762-11e1-a439-00145eb45e9a,5
8a563c14-f762-11e1-a439-00145eb45e9a,1
8a5d0576-f762-11e1-a439-00145eb45e9a,2
8a5e6484-f762-11e1-a439-00145eb45e9a,7
8a611e86-f762-11e1-a439-00145eb45e9a,1
8a628bd6-f762-11e1-a439-00145eb45e9a,2
8a67f328-f762-11e1-a439-00145eb45e9a,4
8a695c72-f762-11e1-a439-00145eb45e9a,3
8a6ac2b0-f762-11e1-a439-00145eb45e9a,1
8a718492-f762-11e1-a439-00145eb45e9a,1
8a75b56c-f762-11e1-a439-00145eb45e9a,1
8a7884fe-f762-11e1-a439-00145eb45e9a,8
8a79d84a-f762-11e1-a439-00145eb45e9a,2
8a7f6b0c-f762-11e1-a439-00145eb45e9a,6
8a823b8e-f762-11e1-a439-00145eb45e9a,2
8a83a802-f762-11e1-a439-00145eb45e9a,1
8a863029-f435-446a-821e-275f4f641165,14230
8a865214-f762-11e1-a439-00145eb45e9a,3
8a87ab64-f762-11e1-a439-00145eb45e9a,3
8a8a704c-f762-11e1-a439-00145eb45e9a,2
8a8bde64-f762-11e1-a439-00145eb45e9a,2
8a8d4d62-f762-11e1-a439-00145eb45e9a,3
8a900192-f762-11e1-a439-00145eb45e9a,1
8a916226-f762-11e1-a439-00145eb45e9a,1
8a92c8dc-f762-11e1-a439-00145eb45e9a,1
8a943492-f762-11e1-a439-00145eb45e9a,2
8a96ff2e-f762-11e1-a439-00145eb45e9a,2
8a99c2b8-f762-11e1-a439-00145eb45e9a,2
8a9e8a64-f762-11e1-a439-00145eb45e9a,5
8aa2023e-f762-11e1-a439-00145eb45e9a,7
8aa9a002-f762-11e1-a439-00145eb45e9a,6
8aaaf95c-f762-11e1-a439-00145eb45e9a,1
8aac5e78-f762-11e1-a439-00145eb45e9a,1
8aadb4e4-f762-11e1-a439-00145eb45e9a,1
8ab32a78-f762-11e1-a439-00145eb45e9a,6
8abbafea-f762-11e1-a439-00145eb45e9a,19
8abe750e-f762-11e1-a439-00145eb45e9a,7
8e479b8f-ac16-4bed-a11a-bc7e27c31663,38
958a9a8a-f762-11e1-a439-00145eb45e9a,6
958c154a-f762-11e1-a439-00145eb45e9a,1
958d9faa-f762-11e1-a439-00145eb45e9a,1
95936188-f762-11e1-a439-00145eb45e9a,1
9594d9e6-f762-11e1-a439-00145eb45e9a,1
959654c4-f762-11e1-a439-00145eb45e9a,1
9597b49a-f762-11e1-a439-00145eb45e9a,1
959a8f80-f762-11e1-a439-00145eb45e9a,3
959c0680-f762-11e1-a439-00145eb45e9a,2
959d80f0-f762-11e1-a439-00145eb45e9a,2
959ee97c-f762-11e1-a439-00145eb45e9a,4
95a06176-f762-11e1-a439-00145eb45e9a,1
95be1cf2-f762-11e1-a439-00145eb45e9a,1
95c11286-f762-11e1-a439-00145eb45e9a,1
95c27b3a-f762-11e1-a439-00145eb45e9a,2
95c3fcc6-f762-11e1-a439-00145eb45e9a,1
960c633a-f762-11e1-a439-00145eb45e9a,2
962f59bc-f762-11e1-a439-00145eb45e9a,24
9649d058-f762-11e1-a439-00145eb45e9a,1
9661bc40-f762-11e1-a439-00145eb45e9a,132
9cd0014c-b7b1-4ed1-bef7-0225acfa4ef2,128
9f35ab34-a42c-4267-ae0b-10bc2295ed53,1
a79c2b50-6c8a-11de-8226-b8a03c50a862,1
aa6c5ee6-d4d7-4a65-a04f-379cffbf4842,2762
b2522b78-18ec-4ba6-ba16-9c9e215ce9e6,1
b69980f9-1895-48a0-9a18-e31f4755a6c3,1
b7ec1bf8-819b-11e2-bad2-00145eb45e9a,138
bcf8d1fc-6bf0-4f57-9076-7d9ae2828ec2,9
c1492854-5d15-40e9-9ee7-24a18ac05112,137
c7883ca0-7041-4b3f-ab55-f528f4c07e24,1
cece4fc2-1fec-4bb5-a335-7252548e3f0b,37
d0d5ef85-71b2-4da6-b6f6-c1c3d60987d3,2
d5fafa95-7de2-48c0-bf10-3480bcca4a2b,3
d8cd16ba-bb74-4420-821e-083f2bac17c2,66
e1beb83c-9b83-4d17-ac5e-d24e09507ec5,7
e2062334-2f77-4f18-bba7-7108c0b3d54d,4
e3ce628e-9683-4af7-b7a9-47eef785d3bb,1
e6c97f6e-e952-11e2-961f-00145eb45e9a,4
e6d98b01-d4bf-4afc-89db-29dffdbd4d5b,705
f29ab192-5964-40ae-a397-fa48ffdf0661,65
f8fc7ec7-ccfe-420a-8e38-4209d83a8cea,6
fb639e31-52eb-4998-afb1-984ee12aca0f,3
fcb19622-6d6d-470f-9371-86e1210f9ee3,2
