name,unit,n,retain,med_unc_low_m,rho_bar_u,contamination_scale,auc,brier,ess_p99,dess,eff_coef_obs,eff_coef_calib,coef_gap,calib_coverage,smd_before,smd_after
amphibia,group,36044,0.5943291532571302,250.0,0.9791862541701452,0.020813745829854846,0.6486282374212504,0.22791615640242432,0.9034717505023545,0.00513273706998052,-0.020695005027926337,-0.01740037093855191,0.0032946340893744257,0.25194911776774725,0.059815416394386464,0.015419233983709651
Bufo bufo,species,9565,0.6403554626241506,250.0,0.9836046223402947,0.016395377659705335,0.6405085429520645,0.22259788816705225,0.8873154698986921,0.016308562454153797,-0.0177288415574713,-0.015851277285920805,0.0018775642715504956,0.20755813953488372,0.06247027837850755,0.048686167242429905
Ichthyosaura alpestris,species,3564,0.5976430976430976,250.0,0.9858636341827445,0.014136365817255525,0.6498821380163828,0.22890674646174952,0.8780520731327576,-0.0025489809917849104,-0.02645633720984981,-0.022666208266482517,0.0037901289433672943,0.2524407252440725,0.06678290310522816,0.05994388560117065
Lissotriton vulgaris,species,2809,0.607689569241723,250.0,0.979251470079663,0.020748529920337044,0.5974215278818827,0.24485926919350057,0.8154892663243307,0.0011142042364125082,-0.009473876550548509,-0.00943995806921928,3.391848132922905e-05,0.19147005444646098,0.07341101996589337,0.03591712447770503
Pelophylax lessonae,species,2313,0.3220925205361003,250.0,0.9957991910571901,0.0042008089428099415,0.5733713703602246,0.22507984461535832,0.21396667304582828,0.016566566365802893,-0.12123583751101706,-0.12721120227815425,0.005975364767137184,0.024872448979591837,0.12459032771896271,0.3542794218771289
Rana temporaria,species,5407,0.5884963935638986,250.0,0.9883741240161195,0.01162587598388054,0.6226707109513485,0.23845001288348266,0.8234323247226469,-0.0025232225527206387,0.025383316285274668,0.02961575258024506,0.004232436294970391,0.17617977528089887,0.07385223368041242,0.014834290158602876
Salamandra salamandra,species,2810,0.694306049822064,250.0,0.9594012113738347,0.04059878862616528,0.6308424264085938,0.20896154838405737,0.8827457982732916,0.0129935477702946,-0.08557653292059086,-0.09130953459113501,0.0057330016705441494,0.40046565774155995,0.06431722715138648,0.026104375582180993
asteraceae,group,29363,0.6545652692163607,250.0,0.9864559299332499,0.013544070066750069,0.5905008764880728,0.22397634447196071,0.9581188691191779,-0.00015921525289375182,0.07130151120998979,0.07145239714289336,0.0001508859329035772,0.1963916001183082,0.03969426729117123,0.010270381413705813
Bellis perennis,species,3327,0.541629095281034,250.0,0.9900224380008242,0.009977561999175766,0.5163001037099034,0.25879792168894955,0.9218247023345931,0.00607706619617876,-0.003590776994203028,-0.004018274016280385,0.00042749702207735664,0.10819672131147541,0.03793978884839178,0.02206461847749107
Tussilago farfara,species,5458,0.7407475265665079,250.0,0.9881783376342648,0.01182166236573523,0.5664915759822193,0.19299945603676708,0.9799754591965134,0.0019903842991015885,0.062499280964029076,0.06243205081769358,6.723014633549379e-05,0.16042402826855123,0.026577292248694154,0.011267134522493937
aves,group,28832,0.43493340732519425,250.0,0.9880882725496023,0.011911727450397702,0.6270441975807541,0.23742730525063285,0.8117709747284745,0.002044504300929284,0.1171379607035248,0.11429135643452641,0.0028466042689983817,0.20715688681561503,0.12027358756258105,0.022526712026364182
coleoptera,group,39898,0.5074439821544939,250.0,0.9813337193583034,0.01866628064169662,0.6070976012952348,0.2500687164285607,0.8144273721929896,-0.014175789612509537,-0.02950426522383098,-0.044299833164937893,0.014795567941106914,0.30973946672094443,0.08038738529339165,0.010882253210811434
Coccinella septempunctata,species,3456,0.7120949074074074,250.0,0.9843815608133942,0.01561843918660577,0.6078997180130641,0.20429216301260505,0.9304427474610281,0.004226413724964462,0.11911666213411275,0.1156217466226612,0.003494915511451549,0.2241206030150754,0.06695491340621576,0.022234965911679054
Harmonia axyridis,species,2415,0.6434782608695652,250.0,0.9808146670284079,0.019185332971592084,0.5914032499398354,0.22708294558319095,0.9196078030209146,-0.01242797681166441,0.12452045485471651,0.11149203778284966,0.013028417071866846,0.25319396051103366,0.05684043589387827,0.014551727311717264
lepidoptera,group,40288,0.6291699761715648,250.0,0.9859144625479608,0.01408553745203922,0.5880435106371518,0.23407262584802982,0.8632006491851755,-0.0020661982053375993,0.12320401976336212,0.11205324104512521,0.011150778718236914,0.3026773761713521,0.05713419778215295,0.020905996961572002
Aglais io,species,2814,0.6233120113717129,250.0,0.992048417495429,0.007951582504570953,0.6647971751898626,0.22031609957000184,0.8724305592900485,0.0026701233663852797,0.0664062513936102,0.0641134668849209,0.002292784508689305,0.11320754716981132,0.0747425303929074,0.01985193943556071
Aglais urticae,species,2136,0.6989700374531835,250.0,0.9915595251065761,0.008440474893423922,0.5469109863656109,0.21721816778352646,0.9612142008470528,0.0018915373370753663,0.02747538972323434,0.02465068411322829,0.0028247056100060494,0.12752721617418353,0.03427016742384283,0.010651099177188192
Gonepteryx rhamni,species,6906,0.7082247321169997,250.0,0.9930852551480439,0.0069147448519560895,0.5850344457054608,0.2069928598180227,0.9678008634886451,0.0007059290551006958,0.029369084760771224,0.02773308838269855,0.0016359963780726745,0.10024813895781638,0.0406568155737894,0.006140300720603239
Polygonia c-album,species,1663,0.6746843054720385,250.0,0.9925454292018767,0.007454570798123283,0.6046948774468619,0.2204521940372958,0.761558143146828,0.0032947114755016438,0.04892715661833758,0.04691747989339738,0.0020096767249402,0.16635859519408502,0.053280502624085666,0.056834507881301066
Vanessa atalanta,species,1771,0.6860530773574252,250.0,0.9933793125851335,0.006620687414866544,0.551922165970927,0.2279969214657315,0.8878960003301771,-0.008166019887921872,-0.02193868903590417,-0.022676242686499697,0.0007375536505955273,0.11151079136690648,0.02329982093839584,0.06635448148931869
odonata,group,42271,0.6439876037945637,250.0,0.9863262137108426,0.013673786289157386,0.6827473522085832,0.2097644322988123,0.8811916802245755,-0.001275239420010843,0.11445268633557484,0.1085446544763675,0.005908031859207338,0.2790218619177354,0.08044765489540526,0.0052416854349553385
Calopteryx splendens,species,2278,0.6360842844600527,250.0,0.9872831436128036,0.01271685638719644,0.68979563294348,0.20974608446139387,0.8520152978071499,-0.008473586156058088,0.16828342124381043,0.15196838868329912,0.01631503256051131,0.3486127864897467,0.10679767154311613,0.0176124593018973
Calopteryx virgo,species,1587,0.6635160680529301,250.0,0.9868192896041605,0.013180710395839457,0.69980366422314,0.2028001320031504,0.7572151949255777,0.005663182228236252,0.0678636164916342,0.060927022930513844,0.006936593561120349,0.31647940074906367,0.09075193583451387,0.047047496746842186
Coenagrion puella,species,4129,0.693872608379753,250.0,0.9855439674941453,0.014456032505854699,0.6661926734707403,0.19710537886206517,0.8929470906112696,-0.009138811090943055,0.09931830689293887,0.08849896290157364,0.010819343991365235,0.28322784810126583,0.0686942110494922,0.012365825590358192
Enallagma cyathigerum,species,1624,0.6114532019704434,250.0,0.9889069302736737,0.011093069726326288,0.591505834023585,0.23957902333105488,0.8109348597318327,0.018698515298443352,-0.0748312837813761,-0.0850935357996461,0.010262252018269996,0.24088748019017434,0.061634665216733685,0.0514667793159193
Ischnura elegans,species,3252,0.6543665436654367,250.0,0.985335844544188,0.014664155455812011,0.6399541865116529,0.22227288860488476,0.845910788374189,0.010343906925033175,0.11111294378347797,0.100210844904317,0.010902098879160965,0.2846975088967972,0.08861561553593424,0.06084557941739164
Libellula depressa,species,2148,0.6447858472998138,250.0,0.9880713063575858,0.011928693642414223,0.6828432323480844,0.20914372919880275,0.8485626756389836,-0.0017589033174687518,0.02649713220651356,0.025638601386253432,0.0008585308202601269,0.23328964613368283,0.08076284788689375,0.019570106466579355
Libellula quadrimaculata,species,2493,0.6871239470517448,250.0,0.9866158602918621,0.013384139708137899,0.6695361264538147,0.2037271338225019,0.8624744348565379,-0.0009273892385611715,0.20188855736107134,0.20313562615720127,0.0012470687961299298,0.24871794871794872,0.07604777112644188,0.016454668449656047
Orthetrum cancellatum,species,1936,0.618801652892562,250.0,0.9890677864050478,0.010932213594952223,0.6704376309205496,0.21994590936635694,0.8417726649435171,-0.004441981579605514,0.13066818540671668,0.11860370076332885,0.01206448464338783,0.24119241192411925,0.09688602967379083,0.007102029795368117
Platycnemis pennipes,species,1751,0.67390062821245,250.0,0.9809977089664493,0.019002291033550667,0.6456180058772893,0.22505112450097983,0.6789150028147093,0.02764411289886015,0.04438878142888871,0.053730451023006415,0.009341669594117703,0.3905429071803853,0.09579467708899592,0.12516405714003298
Pyrrhosoma nymphula,species,5137,0.7237687366167024,250.0,0.9808477754324038,0.019152224567596243,0.6313540094642713,0.19092395890038064,0.942063610932817,0.0013990989270491472,0.08346195911109838,0.08288410695741956,0.0005778521536788234,0.3079633544749824,0.06964423326071233,0.007946402503302257
orchidaceae,group,24163,0.27749037785043246,5000.0,0.9262904021044575,0.07370959789554254,0.5462612944978676,0.20221906011234078,0.9165141147305467,-0.24963830573837487,0.0008535687921926076,-0.019098823828567205,0.019952392620759814,0.6990491465230839,0.04898995679135697,0.023030245957098714
Neottia ovata,species,1555,0.41864951768488745,3536.0,0.962535474990539,0.03746452500946096,0.5951259464676535,0.24361388987247165,0.47976474236362315,-0.2130969494924147,-0.019715291798655596,-0.032472423321134994,0.012757131522479398,0.5984513274336283,0.08532299923523447,0.13558700901370468
Orchis militaris,species,1832,0.15502183406113537,26454.0,0.8772033446313966,0.1227966553686034,0.45180400880736615,0.14903665362968135,0.19753325961060356,-0.13474926014344907,-0.019526928172354772,-0.08878335102830612,0.06925642285595135,0.8094315245478036,0.05221872308840237,0.5186123022610583
