species,n,high_n,low_n,low_rate,low_risk_n,medium_risk_n,high_risk_n,high_risk_rate,mean_p_low_accuracy,median_p_low_accuracy,status_mode,median_year,median_distance_m,median_strahler,candidate_score
Procambarus clarkii,39725,18449,21276,0.5355821271239773,868,14523,24334,0.6125613593455003,0.5922262287018913,0.6638791208682517,Alien,2018.0,68.62341065,2.0,5
Faxonius limosus,8176,5903,2273,0.2780088062622309,477,3982,3717,0.4546232876712329,0.5009750719453315,0.46848048507481505,Alien,2014.0,61.99365071,2.0,5
Pacifastacus leniusculus,6551,5432,1119,0.17081361624179514,2018,3054,1479,0.22576705846435657,0.3056917010362182,0.2058342767977108,Alien,2014.0,55.57525367,3.0,5
Astacus astacus,5548,3016,2532,0.4563806777217015,1507,1355,2686,0.4841384282624369,0.4896353585924557,0.46566677645325644,Native,2014.0,67.76894111,2.0,5
Pontastacus leptodactylus,3033,2127,906,0.2987141444114738,204,1603,1226,0.4042202439828553,0.4697533652317875,0.440519893450817,Introduced,2012.0,78.14078873,2.0,5
Austropotamobius pallipes,4741,3470,1271,0.26808690149757436,54,2980,1707,0.36005062223159673,0.4743397556756926,0.3543227607805324,Native,2014.0,54.82295045,2.0,4
Austropotamobius torrentium,3315,1703,1612,0.48627450980392156,22,1455,1838,0.554449472096531,0.6081656525376528,0.6311602417092962,Native,2012.0,66.66579735,2.0,4
Procambarus acutus,2731,2728,3,0.0010984987184181618,1717,914,100,0.03661662394727206,0.12294265938311484,0.067607303218978,Native,1995.0,53.81534914,3.0,4
Austropotamobius fulcisianus,1970,1590,380,0.19289340101522842,0,1284,686,0.34822335025380713,0.444701577226624,0.4051078452287154,Introduced,2010.0,90.114760645,2.0,4
Faxonius immunis,1448,1396,52,0.03591160220994475,1157,236,55,0.03798342541436464,0.09124196304733066,0.0459245344834271,Native,1997.0,57.71862355499999,3.0,4
Faxonius virilis,2613,2609,4,0.0015308075009567547,1902,631,80,0.030616150019135095,0.10105138396101619,0.0460153813746963,Native,1998.0,47.88116414,4.0,3
Faxonius rusticus,2117,2109,8,0.003778932451582428,1667,432,18,0.008502598016060462,0.07607413264791822,0.0459318998603607,Native,1996.0,44.49485357,4.0,3
Cambarus bartonii,1475,1474,1,0.0006779661016949153,1187,263,25,0.01694915254237288,0.06990439878765825,0.0362494163203577,Native,1999.0,40.99349769,3.0,3
Cambarus robustus,1346,1346,0,0.0,1227,117,2,0.0014858841010401188,0.044433211782590076,0.029156271807174,Native,1996.0,42.39585665,4.0,3
Faxonius obscurus,1285,1285,0,0.0,1061,213,11,0.008560311284046693,0.06438789299907736,0.0391699298884392,Native,2010.0,40.69740703,4.0,3
Lacunicambarus diogenes,1255,1255,0,0.0,946,260,49,0.03904382470119522,0.09792570257461576,0.048412992104576,Native,1983.0,57.0430869,3.0,3
Faxonius propinquus,1198,1196,2,0.001669449081803005,961,235,2,0.001669449081803005,0.0638124043050968,0.049659349461438504,Native,1993.0,45.315610765,4.0,3
Cambarus latimanus,1126,1126,0,0.0,959,166,1,0.0008880994671403197,0.06179972533181497,0.04847474968165835,Native,1982.0,50.244818304999995,3.0,3
Faxonius sanbornii,1049,1049,0,0.0,1008,41,0,0.0,0.03486778574590419,0.0248827072283127,Native,1983.0,43.77829313,4.0,3
Cambarus striatus,886,886,0,0.0,861,25,0,0.0,0.034777196721510834,0.0299362860967173,Native,1995.5,58.766063445,2.0,3
Creaserinus fodiens,796,795,1,0.001256281407035176,543,244,9,0.011306532663316583,0.09755402158410438,0.0644230770470305,Native,2000.0,101.84780445,1.0,3
Cambarus carinirostris,788,788,0,0.0,743,44,1,0.0012690355329949238,0.04078169403856616,0.030871115249389798,Native,2017.0,38.54365023,3.0,3
Faxonius cristavarius,770,770,0,0.0,747,23,0,0.0,0.026729344279037722,0.0167092622037085,Native,2004.5,37.21785905,4.0,3
Cherax quadricarinatus,752,682,70,0.09308510638297872,13,691,48,0.06382978723404255,0.26779077449961913,0.24231323228859214,Alien,2017.0,66.354472675,2.0,3
Cambarus bartonii bartonii,687,659,28,0.040756914119359534,372,283,32,0.046579330422125184,0.15068128096440167,0.0834122493708176,Native,2021.0,39.17930511,3.0,3
Cambarus acuminatus,524,524,0,0.0,321,182,21,0.04007633587786259,0.13434329657864702,0.06793119775352316,Native,1983.0,46.36835719,4.0,3
Cambarus bartonii cavatus,524,524,0,0.0,496,27,1,0.0019083969465648854,0.04103600068820007,0.031737092798363856,Native,1980.0,46.36835719,3.0,3
Faxonius validus,510,510,0,0.0,504,6,0,0.0,0.018869552265528354,0.01372879103613045,Native,2015.0,47.99235308,4.0,3
Faxonius erichsonianus,505,505,0,0.0,501,4,0,0.0,0.020411537159658495,0.0144996923166688,Native,2015.0,51.60249196,4.0,3
Faxonius neglectus,445,445,0,0.0,415,26,4,0.008988764044943821,0.04286580163901785,0.0258970602493454,Native,2004.0,42.87198123,4.0,2
Procambarus spiculifer,383,382,1,0.0026109660574412533,356,27,0,0.0,0.05047930890791714,0.0412896009690032,Native,1974.0,58.81744878,3.0,2
Lacunicambarus polychromatus,376,376,0,0.0,328,46,2,0.005319148936170213,0.06099359629963165,0.04534325784058075,Native,2007.0,59.679784205000004,2.0,2
Faxonius luteus,354,354,0,0.0,325,29,0,0.0,0.041983338965639515,0.0268591353662037,Native,1985.0,45.362260015000004,5.0,2
Cambarus hobbsorum,352,352,0,0.0,327,25,0,0.0,0.05068904360081736,0.04265232658702995,Native,2003.0,38.91640646,4.0,2
Cambarus sciotensis,335,335,0,0.0,325,10,0,0.0,0.03287871336106699,0.0265212299397861,Native,1986.0,40.0876922,4.0,2
Faxonius punctimanus,302,302,0,0.0,299,3,0,0.0,0.03005029843973726,0.02416400843015775,Native,1986.0,47.224893625,4.0,2
Lacunicambarus thomai,297,297,0,0.0,269,28,0,0.0,0.05285376671977055,0.0381978715101643,Native,2007.0,58.6010911,2.0,2
Procambarus troglodytes,295,294,1,0.003389830508474576,226,69,0,0.0,0.0768259983576445,0.0565052356776884,Native,1983.0,79.72688754,2.0,2
Cambarus tenebrosus,289,289,0,0.0,269,20,0,0.0,0.03679683540581339,0.0256228960476134,Native,1990.0,56.38176786,3.0,2
Procambarus gracilis,287,287,0,0.0,216,71,0,0.0,0.06905505222709069,0.0464144698173754,Native,1981.0,69.58363352,2.0,2
Procambarus versutus,284,284,0,0.0,247,37,0,0.0,0.05777136427615199,0.04398661700019125,Native,1978.0,46.36835719,3.0,2
Cambarus dubius,282,282,0,0.0,261,21,0,0.0,0.043619884886160955,0.032296382037923343,Native,2011.0,58.27044372,2.0,2
Faxonius ozarkae,281,281,0,0.0,249,32,0,0.0,0.04749353603812506,0.0315422559564575,Native,2004.0,48.84458451,5.0,2
Cambarus theepiensis,257,257,0,0.0,253,4,0,0.0,0.01743167335010525,0.0123042069733388,Native,2011.0,34.48690322,4.0,2
Cambarus longulus,249,249,0,0.0,188,60,1,0.004016064257028112,0.07913067070585655,0.0533637991494541,Native,1999.0,39.25710722,4.0,2
Faxonius placidus,236,236,0,0.0,223,13,0,0.0,0.03412327512316742,0.02151016052519035,Native,1995.0,48.476736385,4.0,2
Faxonius compressus,204,204,0,0.0,203,1,0,0.0,0.019435783721939628,0.014674921017856,Native,1995.0,47.07145536,4.0,2
Cambarus longirostris,201,201,0,0.0,196,5,0,0.0,0.026274080877889117,0.0193161382204261,Native,2001.0,39.06166522,4.0,2
Procambarus blandingii,197,197,0,0.0,126,71,0,0.0,0.0960588835934754,0.0698709094651993,Native,1983.0,55.36373681,3.0,2
Cambarus reduncus,190,190,0,0.0,160,30,0,0.0,0.06835615412418761,0.056452237298295405,Native,1987.0,73.89906894500001,2.0,2
Cambarus asperimanus,189,189,0,0.0,155,34,0,0.0,0.0562413167282044,0.0406143375542266,Native,1995.0,47.85098591,2.0,2
Cambarus appalachiensis,180,180,0,0.0,160,20,0,0.0,0.05029880322727216,0.03591583270190095,Native,1998.0,40.799217445,4.0,2
Faxonius palmeri,169,169,0,0.0,120,49,0,0.0,0.08708729916050068,0.0540746610383162,Native,1996.0,48.53691381,3.0,2
Faxonius putnami,163,163,0,0.0,163,0,0,0.0,0.021451161377578316,0.0173193978098475,Native,1989.0,42.31634567,4.0,2
Cambarus chasmodactylus,152,152,0,0.0,142,9,1,0.006578947368421052,0.04179287091186488,0.0274598407932753,Native,1998.0,39.486744035,4.0,2
Faxonius meeki,148,148,0,0.0,145,3,0,0.0,0.03300539771769058,0.027039094350793248,Native,2004.0,33.979389749999996,3.0,2
Cambarus girardianus,144,144,0,0.0,143,1,0,0.0,0.0186705212882167,0.0143610740056982,Native,2005.0,39.307468265,4.0,2
Faxonius palmeri longimanus,126,126,0,0.0,110,16,0,0.0,0.061152275985833934,0.040434322327600594,Native,1974.5,55.136411800000005,2.0,2
Procambarus acutissimus,121,121,0,0.0,115,6,0,0.0,0.04918490532800459,0.0426622273799795,Native,1971.0,71.62890657,2.0,2
Cambarus coosae,119,119,0,0.0,118,1,0,0.0,0.03584785407728361,0.0311940869537168,Native,2002.0,51.92811225,4.0,2
Faxonius illinoiensis,119,119,0,0.0,109,10,0,0.0,0.04861090314420511,0.0365262801052922,Native,1999.0,44.61470647,4.0,2
Cambarus sphenoides,116,116,0,0.0,115,1,0,0.0,0.020371683073929635,0.0150248910362782,Native,1974.0,40.943326005,3.0,2
Cambarus graysoni,115,115,0,0.0,111,4,0,0.0,0.023960992532515418,0.0161524319301345,Native,1995.0,43.07165841,4.0,2
Faxonius juvenilis,111,111,0,0.0,103,6,2,0.018018018018018018,0.04120319202829535,0.0181782671654708,Native,1995.0,50.64708333,4.0,2
Cambarus johni,104,104,0,0.0,104,0,0,0.0,0.03717821998915808,0.03449219877234615,Native,2003.0,45.922917479999995,4.0,2
Cambarus distans,101,101,0,0.0,101,0,0,0.0,0.018461483236889967,0.0143290203625874,Native,2005.0,40.36382173,3.0,2
Faxonius durelli,101,101,0,0.0,100,1,0,0.0,0.018579986609406917,0.013893295573777,Native,1995.0,38.1399197,4.0,2
Procambarus virginalis,280,269,11,0.039285714285714285,37,175,68,0.24285714285714285,0.35678075975426704,0.3492956632800572,Alien,2019.0,70.608082315,2.0,1
Lacunicambarus ludovicianus,151,151,0,0.0,81,68,2,0.013245033112582781,0.11854185228747607,0.0827789802862655,Native,2008.0,104.5484436,1.0,1
Procambarus simulans,129,129,0,0.0,49,80,0,0.0,0.13006856180102602,0.1175918721711643,Native,1975.0,82.20860032,2.0,1
Faxonella clypeata,126,126,0,0.0,80,46,0,0.0,0.0918577105735717,0.0632461538316637,Native,1984.5,112.08770075000001,1.0,1
Cambarellus (Pandicambarus) shufeldtii,124,124,0,0.0,22,98,4,0.03225806451612903,0.20032115505171308,0.19633835053669452,Native,1979.0,83.53019272,1.0,1
Faxonius nais,122,122,0,0.0,72,50,0,0.0,0.09698923843495573,0.08255714283789764,Native,1993.0,52.382339305,5.0,1
Faxonius carolinensis,119,119,0,0.0,74,45,0,0.0,0.09251501026904484,0.0739823144209582,Native,1995.0,51.46844299,5.0,1
Faxonius neglectus neglectus,113,113,0,0.0,93,14,6,0.05309734513274336,0.0973935449330291,0.037956512918892,Native,1972.0,49.74312318,4.0,1
Austropotamobius bihariensis,104,104,0,0.0,0,83,21,0.20192307692307693,0.37153473121746994,0.3352836941326204,Native,2020.0,75.02156279,3.0,1
Cambarus halli,101,101,0,0.0,94,7,0,0.0,0.044153476625609554,0.0334111038668678,Native,2013.0,45.83537965,4.0,1
